transaction_id,account_id,timestamp,amount,log_amount,zscore_log_amount,was_outlier,amount_silver,is_treated
TRX_100000,ACC_039,2026-01-01 00:00:00,497.0173914157564,6.210634998936475,1.3724912847350044,0,497.0173914157564,0
TRX_100001,ACC_029,2026-01-01 00:15:00,416.5908679747859,6.034502168452853,1.1641694101075017,0,416.5908679747859,0
TRX_100002,ACC_015,2026-01-01 00:30:00,389.17053880110484,5.966583922522294,1.0838388080566732,0,389.17053880110484,0
TRX_100003,ACC_043,2026-01-01 00:45:00,249.81114722702475,5.524700254449768,0.5611989694338226,0,249.81114722702475,0
TRX_100004,ACC_008,2026-01-01 01:00:00,265.7007125074925,5.586127102753551,0.6338518425862427,0,265.7007125074925,0
TRX_100005,ACC_021,2026-01-01 01:15:00,,,0.11025244428426656,0,,1
TRX_100006,ACC_039,2026-01-01 01:30:00,102.47048561517093,4.639286408900239,-0.48602812400220824,0,102.47048561517093,0
TRX_100007,ACC_019,2026-01-01 01:45:00,163.57406826857533,5.103360731898299,0.06285780866572171,0,163.57406826857533,0
TRX_100008,ACC_023,2026-01-01 02:00:00,265.5020841214377,5.585382063918426,0.6329706446495645,0,265.5020841214377,0
TRX_100009,ACC_011,2026-01-01 02:15:00,461.94376878694203,6.1376055970063925,1.286115440599491,0,461.94376878694203,0
TRX_100010,ACC_011,2026-01-01 02:30:00,35.611499682770045,3.6003623900399453,-1.7148200454755946,0,35.611499682770045,0
TRX_100011,ACC_024,2026-01-01 02:45:00,343.2031589352048,5.841232061350679,0.9355783467013687,0,343.2031589352048,0
TRX_100012,ACC_036,2026-01-01 03:00:00,143.78229827050475,4.975231222965446,-0.08868792771234285,0,143.78229827050475,0
TRX_100013,ACC_040,2026-01-01 03:15:00,340.7852843525401,5.834182716368301,0.9272407031309298,0,340.7852843525401,0
TRX_100014,ACC_024,2026-01-01 03:30:00,240.89572698145923,5.488506753059217,0.5183909475658388,0,240.89572698145923,0
TRX_100015,ACC_003,2026-01-01 03:45:00,,,0.11025244428426656,0,,1
TRX_100016,ACC_022,2026-01-01 04:00:00,45.00314227475533,3.828709704476819,-1.4447412618721662,0,45.00314227475533,0
TRX_100017,ACC_002,2026-01-01 04:15:00,112.63987276034824,4.733034437312255,-0.37514723389331095,0,112.63987276034824,0
TRX_100018,ACC_024,2026-01-01 04:30:00,126.87659000340261,4.851065658238693,-0.23554529176557668,0,126.87659000340261,0
TRX_100019,ACC_044,2026-01-01 04:45:00,216.327240912576,5.381404240254776,0.39171498270753247,0,216.327240912576,0
TRX_100020,ACC_030,2026-01-01 05:00:00,221.24738532103322,5.403791109740033,0.41819315038021787,0,221.24738532103322,0
TRX_100021,ACC_038,2026-01-01 05:15:00,338.4146435050438,5.827222497140591,0.9190084734361382,0,338.4146435050438,0
TRX_100022,ACC_002,2026-01-01 05:30:00,974.7133037937015,6.883168797148241,2.167933572292281,1,732.128172029599,1
TRX_100023,ACC_021,2026-01-01 05:45:00,215.6593921919105,5.378326499159062,0.3880747709825705,0,215.6593921919105,0
TRX_100024,ACC_033,2026-01-01 06:00:00,156.19783713133236,5.057505121193917,0.008621884801351147,0,156.19783713133236,0
TRX_100025,ACC_012,2026-01-01 06:15:00,122.98391200426772,4.820151815286762,-0.27210877455299154,0,122.98391200426772,0
TRX_100026,ACC_022,2026-01-01 06:30:00,256.7087931905297,5.551830238886543,0.5932870770340098,0,256.7087931905297,0
TRX_100027,ACC_044,2026-01-01 06:45:00,360.01646319655276,5.888923561715615,0.9919856770811839,0,360.01646319655276,0
TRX_100028,ACC_025,2026-01-01 07:00:00,50.177256730854694,3.935295228881934,-1.318676767301441,0,50.177256730854694,0
TRX_100029,ACC_049,2026-01-01 07:15:00,36.01922190572952,3.6114372887107846,-1.701721160695943,0,36.01922190572952,0
TRX_100030,ACC_027,2026-01-01 07:30:00,283.3232631642992,5.650111841423693,0.7095300717426999,0,283.3232631642992,0
TRX_100031,ACC_042,2026-01-01 07:45:00,90.1565096184348,4.512577915123559,-0.6358931484971151,0,90.1565096184348,0
TRX_100032,ACC_028,2026-01-01 08:00:00,44.15174161294334,3.8100288530491246,-1.4668361204988607,0,44.15174161294334,0
TRX_100033,ACC_016,2026-01-01 08:15:00,431.3046197230113,6.069130477998655,1.20512619448413,0,431.3046197230113,0
TRX_100034,ACC_015,2026-01-01 08:30:00,153.19135580783788,5.038194401242974,-0.01421795357257028,0,153.19135580783788,0
TRX_100035,ACC_047,2026-01-01 08:45:00,88.56629344715935,4.494979059998164,-0.6567082712709538,0,88.56629344715935,0
TRX_100036,ACC_044,2026-01-01 09:00:00,455.5801758376197,6.123764316240363,1.269744605312807,0,455.5801758376197,0
TRX_100037,ACC_003,2026-01-01 09:15:00,525.0235688706653,6.265346019472781,1.4372009832597603,0,525.0235688706653,0
TRX_100038,ACC_037,2026-01-01 09:30:00,47.45287316886909,3.880591638309541,-1.3833776780039233,0,47.45287316886909,0
TRX_100039,ACC_007,2026-01-01 09:45:00,347.1231274066766,5.852556231583926,0.9489720585103116,0,347.1231274066766,0
TRX_100040,ACC_021,2026-01-01 10:00:00,168.8560356527511,5.134951229169529,0.10022160730500834,0,168.8560356527511,0
TRX_100041,ACC_009,2026-01-01 10:15:00,154.8522994521447,5.048908760369146,-0.0015454985142607652,0,154.8522994521447,0
TRX_100042,ACC_039,2026-01-01 10:30:00,85.96642060957387,4.465522074144092,-0.6915486499621184,0,85.96642060957387,0
TRX_100043,ACC_018,2026-01-01 10:45:00,86.5326046408944,4.472011348423678,-0.6838734324618746,0,86.5326046408944,0
TRX_100044,ACC_004,2026-01-01 11:00:00,101.39127956711644,4.62880154850167,-0.49842913843796227,0,101.39127956711644,0
TRX_100045,ACC_025,2026-01-01 11:15:00,20.330919942341815,3.0601576605894136,-2.353749548923519,0,20.330919942341815,0
TRX_100046,ACC_014,2026-01-01 11:30:00,51.1872375093657,3.9548379728377676,-1.2955625015222216,0,51.1872375093657,0
TRX_100047,ACC_050,2026-01-01 11:45:00,49.06739323028257,3.913369962479715,-1.3446089719113157,0,49.06739323028257,0
TRX_100048,ACC_009,2026-01-01 12:00:00,37.727842452893285,3.6565587845877348,-1.648353514350434,0,37.727842452893285,0
TRX_100049,ACC_026,2026-01-01 12:15:00,443.6798967612011,6.097354690201136,1.238508504753947,0,443.6798967612011,0
TRX_100050,ACC_002,2026-01-01 12:30:00,190.68420571853272,5.255849256039323,0.24321427668485843,0,190.68420571853272,0
TRX_100051,ACC_020,2026-01-01 12:45:00,190.14132122987803,5.253013056181403,0.23985974891398348,0,190.14132122987803,0
TRX_100052,ACC_028,2026-01-01 13:00:00,350.5842738869721,5.862449437526802,0.9606732910541645,0,350.5842738869721,0
TRX_100053,ACC_047,2026-01-01 13:15:00,52.52559393006011,3.980159930725441,-1.265612845220699,0,52.52559393006011,0
TRX_100054,ACC_007,2026-01-01 13:30:00,261.8156267884166,5.571452747507829,0.6164956848197154,0,261.8156267884166,0
TRX_100055,ACC_044,2026-01-01 13:45:00,192.55183554244516,5.265545360535626,0.25468238663181036,0,192.55183554244516,0
TRX_100056,ACC_008,2026-01-01 14:00:00,75.80009139790246,4.341205830229773,-0.8385842304826331,0,75.80009139790246,0
TRX_100057,ACC_047,2026-01-01 14:15:00,572.7800138262799,6.352246071686337,1.5399823996070057,1,572.7800138262799,0
TRX_100058,ACC_035,2026-01-01 14:30:00,140.63745886527445,4.953270686284081,-0.11466184839894325,0,140.63745886527445,0
TRX_100059,ACC_014,2026-01-01 14:45:00,175.56752581420918,5.173703385724087,0.14605588974478756,0,175.56752581420918,0
TRX_100060,ACC_017,2026-01-01 15:00:00,223.84137544010824,5.415395155532474,0.43191788622933325,0,223.84137544010824,0
TRX_100061,ACC_036,2026-01-01 15:15:00,228.2317014381572,5.434733288706169,0.45479014771220866,0,228.2317014381572,0
TRX_100062,ACC_050,2026-01-01 15:30:00,16.319068268422647,2.8518081065615664,-2.600175894050139,0,16.319068268422647,0
TRX_100063,ACC_040,2026-01-01 15:45:00,88.8433504018477,4.49806760272066,-0.6530552838747319,0,88.8433504018477,0
TRX_100064,ACC_004,2026-01-01 16:00:00,240.8026648755986,5.488121959110857,0.517935830842582,0,240.8026648755986,0
TRX_100065,ACC_002,2026-01-01 16:15:00,114.21178507327414,4.746772044012685,-0.358899019560577,0,114.21178507327414,0
TRX_100066,ACC_006,2026-01-01 16:30:00,101.1566536989556,4.62650745569599,-0.5011424867248002,0,101.1566536989556,0
TRX_100067,ACC_042,2026-01-01 16:45:00,153.73898566907528,5.041739734033747,-0.010024695727770164,0,153.73898566907528,0
TRX_100068,ACC_004,2026-01-01 17:00:00,163.2314074363901,5.101276454223179,0.06039262014105603,0,163.2314074363901,0
TRX_100069,ACC_029,2026-01-01 17:15:00,219.66875389970647,5.3966627259841635,0.4097620233551794,0,219.66875389970647,0
TRX_100070,ACC_018,2026-01-01 17:30:00,241.06487114677685,5.489205752824317,0.5192176925913401,0,241.06487114677685,0
TRX_100071,ACC_026,2026-01-01 17:45:00,191.09256720740308,5.257977376716746,0.2457313207120118,0,191.09256720740308,0
TRX_100072,ACC_044,2026-01-01 18:00:00,283.7717851946509,5.651688105791172,0.7113944053086805,0,283.7717851946509,0
TRX_100073,ACC_034,2026-01-01 18:15:00,300.17479121945587,5.707690797932641,0.777631834066646,0,300.17479121945587,0
TRX_100074,ACC_010,2026-01-01 18:30:00,528.046506229907,6.271076341472221,1.4439785466354516,0,528.046506229907,0
TRX_100075,ACC_036,2026-01-01 18:45:00,33.09461752320704,3.529139527936591,-1.7990591967398253,0,33.09461752320704,0
TRX_100076,ACC_014,2026-01-01 19:00:00,318.067215860978,5.7654017886171705,0.8458897603885049,0,318.067215860978,0
TRX_100077,ACC_031,2026-01-01 19:15:00,127.10439418406114,4.852845511078305,-0.23344016304487752,0,127.10439418406114,0
TRX_100078,ACC_048,2026-01-01 19:30:00,,,0.11025244428426656,0,,1
TRX_100079,ACC_015,2026-01-01 19:45:00,379.70338101364416,5.9420205443935235,1.054786365278576,0,379.70338101364416,0
TRX_100080,ACC_008,2026-01-01 20:00:00,273.3170541546119,5.614284569378033,0.6671552092321275,0,273.3170541546119,0
TRX_100081,ACC_014,2026-01-01 20:15:00,290.8543311046762,5.676254811713323,0.7404507840489345,0,290.8543311046762,0
TRX_100082,ACC_023,2026-01-01 20:30:00,121.06892910724389,4.804585877867311,-0.2905194550300532,0,121.06892910724389,0
TRX_100083,ACC_040,2026-01-01 20:45:00,46.59474503973744,3.862722356818187,-1.4045126487433592,0,46.59474503973744,0
TRX_100084,ACC_021,2026-01-01 21:00:00,366.7210404020494,5.907324608323786,1.0137495953353608,0,366.7210404020494,0
TRX_100085,ACC_016,2026-01-01 21:15:00,18.265807548672257,2.9583318951166544,-2.4741844178257035,0,18.265807548672257,0
TRX_100086,ACC_045,2026-01-01 21:30:00,346.7755792042746,5.851557384401151,0.9477906676417788,0,346.7755792042746,0
TRX_100087,ACC_018,2026-01-01 21:45:00,14.6428278747716,2.750012529180325,-2.720575057855215,0,14.6428278747716,0
TRX_100088,ACC_047,2026-01-01 22:00:00,515.0450426807796,6.246194053688851,1.4145489120703343,0,515.0450426807796,0
TRX_100089,ACC_024,2026-01-01 22:15:00,231.9490578826549,5.450819793964672,0.47381653207482277,0,231.9490578826549,0
TRX_100090,ACC_026,2026-01-01 22:30:00,64.60930374104221,4.183717511214549,-1.024854227729039,0,64.60930374104221,0
TRX_100091,ACC_025,2026-01-01 22:45:00,260.6220467087084,5.5669008924414225,0.6111119583567796,0,260.6220467087084,0
TRX_100092,ACC_045,2026-01-01 23:00:00,174.32052681630137,5.166615880430314,0.13767311189935624,0,174.32052681630137,0
TRX_100093,ACC_041,2026-01-01 23:15:00,178.50474866012794,5.190201662509483,0.1655692986795101,0,178.50474866012794,0
TRX_100094,ACC_029,2026-01-01 23:30:00,55.94203633273399,4.042033843991135,-1.1924312040317362,0,55.94203633273399,0
TRX_100095,ACC_015,2026-01-01 23:45:00,336.5757936158938,5.821790058776413,0.9125832332312515,0,336.5757936158938,0
TRX_100096,ACC_045,2026-01-02 00:00:00,13.78059046940883,2.693314865290986,-2.7876344674837084,0,13.78059046940883,0
TRX_100097,ACC_001,2026-01-02 00:15:00,401.4695990736305,5.997619563754215,1.120546348291778,0,401.4695990736305,0
TRX_100098,ACC_025,2026-01-02 00:30:00,178.13350022458957,5.18813133917226,0.16312061470894632,0,178.13350022458957,0
TRX_100099,ACC_007,2026-01-02 00:45:00,55.61202610433453,4.036221437981048,-1.199305852629574,0,55.61202610433453,0
TRX_100100,ACC_009,2026-01-02 01:00:00,452.6779557562465,6.1173875977801,1.2622025136995267,0,452.6779557562465,0
TRX_100101,ACC_024,2026-01-02 01:15:00,113.37314855270668,4.7394663359473475,-0.3675398776872164,0,113.37314855270668,0
TRX_100102,ACC_001,2026-01-02 01:30:00,,,0.11025244428426656,0,,1
TRX_100103,ACC_044,2026-01-02 01:45:00,243.61703510726178,5.49969386558376,0.5316225537711246,0,243.61703510726178,0
TRX_100104,ACC_008,2026-01-02 02:00:00,194.821627761257,5.2772041824297125,0.2684719091544168,0,194.821627761257,0
TRX_100105,ACC_024,2026-01-02 02:15:00,201.69200401404132,5.311687605289857,0.30925732817069884,0,201.69200401404132,0
TRX_100106,ACC_011,2026-01-02 02:30:00,112.11994288063154,4.728448697203223,-0.38057103803842623,0,112.11994288063154,0
TRX_100107,ACC_017,2026-01-02 02:45:00,178.75162809072006,5.1915760540884826,0.16719486632310784,0,178.75162809072006,0
TRX_100108,ACC_008,2026-01-02 03:00:00,400.4584852714986,5.99510412896604,1.1175712068082906,0,400.4584852714986,0
TRX_100109,ACC_035,2026-01-02 03:15:00,106.19042098289367,4.674606888141314,-0.44425267289500125,0,106.19042098289367,0
TRX_100110,ACC_035,2026-01-02 03:30:00,242.1438296481543,5.493653159798021,0.5244778826163887,0,242.1438296481543,0
TRX_100111,ACC_033,2026-01-02 03:45:00,81.42653936261082,4.411907464702248,-0.7549615634756215,0,81.42653936261082,0
TRX_100112,ACC_005,2026-01-02 04:00:00,148.00128222065453,5.00395491141618,-0.05471485972812232,0,148.00128222065453,0
TRX_100113,ACC_042,2026-01-02 04:15:00,67.90613841131888,4.232745265652337,-0.9668664370076111,0,67.90613841131888,0
TRX_100114,ACC_039,2026-01-02 04:30:00,175.66348089973343,5.17424668507245,0.14669847942227135,0,175.66348089973343,0
TRX_100115,ACC_041,2026-01-02 04:45:00,758.7879373426067,6.633039364531956,1.8720918932647947,1,732.128172029599,1
TRX_100116,ACC_028,2026-01-02 05:00:00,225.8814068877964,5.424427444346206,0.4426008652780833,0,225.8814068877964,0
TRX_100117,ACC_007,2026-01-02 05:15:00,113.75961035290916,4.742839595785939,-0.3635501398782486,0,113.75961035290916,0
TRX_100118,ACC_009,2026-01-02 05:30:00,62.41004507643765,4.149622288584384,-1.0651805012275986,0,62.41004507643765,0
TRX_100119,ACC_008,2026-01-02 05:45:00,32.88668351512624,3.523022120550786,-1.806294587047083,0,32.88668351512624,0
TRX_100120,ACC_012,2026-01-02 06:00:00,219.92891614686366,5.397841003384174,0.4111556360969238,0,219.92891614686366,0
TRX_100121,ACC_034,2026-01-02 06:15:00,229.45736668821252,5.440065885191561,0.46109729949883804,0,229.45736668821252,0
TRX_100122,ACC_033,2026-01-02 06:30:00,310.4331649510947,5.741184756462008,0.817246959823581,0,310.4331649510947,0
TRX_100123,ACC_048,2026-01-02 06:45:00,137.01857634719192,4.927388287309464,-0.14527436884413406,0,137.01857634719192,0
TRX_100124,ACC_023,2026-01-02 07:00:00,59.36988990155879,4.100490469078973,-1.123291375362328,0,59.36988990155879,0
TRX_100125,ACC_024,2026-01-02 07:15:00,,,0.11025244428426656,0,,1
TRX_100126,ACC_037,2026-01-02 07:30:00,17569.876749049847,9.77399808028049,5.587074534466227,1,732.128172029599,1
TRX_100127,ACC_035,2026-01-02 07:45:00,63.62632768504072,4.168621877066932,-1.0427086549569875,0,63.62632768504072,0
TRX_100128,ACC_044,2026-01-02 08:00:00,88.21990964516363,4.491104216980077,-0.661291258776456,0,88.21990964516363,0
TRX_100129,ACC_040,2026-01-02 08:15:00,280.56330756916503,5.6403573159687195,0.6979928641516893,0,280.56330756916503,0
TRX_100130,ACC_022,2026-01-02 08:30:00,45.955426370258984,3.8491987766169897,-1.4205077222992277,0,45.955426370258984,0
TRX_100131,ACC_027,2026-01-02 08:45:00,268.4534666025009,5.596395709772719,0.645997082392885,0,268.4534666025009,0
TRX_100132,ACC_035,2026-01-02 09:00:00,35.984296665775254,3.610493408116419,-1.7028375395919324,0,35.984296665775254,0
TRX_100133,ACC_001,2026-01-02 09:15:00,498.8518473214915,6.214311749158069,1.376839977120158,0,498.8518473214915,0
TRX_100134,ACC_035,2026-01-02 09:30:00,118.8811150131213,4.786500543482296,-0.31190996327321624,0,118.8811150131213,0
TRX_100135,ACC_037,2026-01-02 09:45:00,222.24946443212752,5.408289820793496,0.4235140205297046,0,222.24946443212752,0
TRX_100136,ACC_047,2026-01-02 10:00:00,375.4451796048286,5.930772431339207,1.0414826104302422,0,375.4451796048286,0
TRX_100137,ACC_014,2026-01-02 10:15:00,87.4963784401419,4.4829616295962555,-0.6709219395726383,0,87.4963784401419,0
TRX_100138,ACC_003,2026-01-02 10:30:00,305.73523667535625,5.725984954235124,0.799269327344858,0,305.73523667535625,0
TRX_100139,ACC_001,2026-01-02 10:45:00,29.957373826299833,3.432611220391788,-1.9132284741376777,0,29.957373826299833,0
TRX_100140,ACC_005,2026-01-02 11:00:00,51.58760861697724,3.96248051436689,-1.2865232521449548,0,51.58760861697724,0
TRX_100141,ACC_026,2026-01-02 11:15:00,383.1470133909387,5.951025326692608,1.0654368108769745,0,383.1470133909387,0
TRX_100142,ACC_014,2026-01-02 11:30:00,140.43038040211556,4.951807584713551,-0.11639233817252122,0,140.43038040211556,0
TRX_100143,ACC_039,2026-01-02 11:45:00,46.328109495533774,3.857104400072319,-1.4111573116245608,0,46.328109495533774,0
TRX_100144,ACC_027,2026-01-02 12:00:00,297.2850267872846,5.6980494951126595,0.7662285410417446,0,297.2850267872846,0
TRX_100145,ACC_009,2026-01-02 12:15:00,136.82510820820485,4.92598554958848,-0.14693346301098317,0,136.82510820820485,0
TRX_100146,ACC_015,2026-01-02 12:30:00,36.52105365488518,3.624902206229997,-1.685795470683439,0,36.52105365488518,0
TRX_100147,ACC_015,2026-01-02 12:45:00,47.19816872000257,3.875321026973846,-1.389611516583989,0,47.19816872000257,0
TRX_100148,ACC_026,2026-01-02 13:00:00,305.80108860352755,5.7261996177381995,0.7995232215408008,0,305.80108860352755,0
TRX_100149,ACC_042,2026-01-02 13:15:00,399.7196421152038,5.99326203594456,1.1153924632406131,0,399.7196421152038,0
TRX_100150,ACC_013,2026-01-02 13:30:00,273.3480975377829,5.614397729046033,0.6672890493237512,0,273.3480975377829,0
TRX_100151,ACC_032,2026-01-02 13:45:00,385.5335007664912,5.957218541545452,1.0727618627970108,0,385.5335007664912,0
TRX_100152,ACC_039,2026-01-02 14:00:00,130.84904990826104,4.8816577069201745,-0.1993624125571791,0,130.84904990826104,0
TRX_100153,ACC_049,2026-01-02 14:15:00,164.09557340254847,5.106524538952765,0.06659981527934672,0,164.09557340254847,0
TRX_100154,ACC_032,2026-01-02 14:30:00,221.25798335860932,5.403838794372548,0.4182495495876177,0,221.25798335860932,0
TRX_100155,ACC_004,2026-01-02 14:45:00,305.19653008380266,5.724227150970616,0.7971902778554293,0,305.19653008380266,0
TRX_100156,ACC_030,2026-01-02 15:00:00,286.05231374668256,5.6596644770120355,0.7208284932120688,0,286.05231374668256,0
TRX_100157,ACC_037,2026-01-02 15:15:00,137.95196200479475,4.934128276310448,-0.13730261741199962,0,137.95196200479475,0
TRX_100158,ACC_023,2026-01-02 15:30:00,120.5513581997989,4.800336874700517,-0.2955449820858224,0,120.5513581997989,0
TRX_100159,ACC_039,2026-01-02 15:45:00,187.54827589766924,5.239354079656563,0.22370453476489655,0,187.54827589766924,0
TRX_100160,ACC_045,2026-01-02 16:00:00,730.6611410757602,6.59531748475218,1.8274761751807838,1,730.6611410757602,0
TRX_100161,ACC_015,2026-01-02 16:15:00,131.8721482540312,4.889387374561859,-0.19022011438970035,0,131.8721482540312,0
TRX_100162,ACC_043,2026-01-02 16:30:00,119.36632860265274,4.790539830993131,-0.3071324783255993,0,119.36632860265274,0
TRX_100163,ACC_029,2026-01-02 16:45:00,53.55001029177513,3.9991179009458837,-1.2431902231313878,0,53.55001029177513,0
TRX_100164,ACC_036,2026-01-02 17:00:00,90.03708701114364,4.511266973064087,-0.6374436709443355,0,90.03708701114364,0
TRX_100165,ACC_013,2026-01-02 17:15:00,192.89217071354634,5.267302183473345,0.25676027663544765,0,192.89217071354634,0
TRX_100166,ACC_032,2026-01-02 17:30:00,154.54422774544568,5.046930113979086,-0.0038857511751101644,0,154.54422774544568,0
TRX_100167,ACC_007,2026-01-02 17:45:00,218.4148332218126,5.390964153677101,0.40302201206683474,0,218.4148332218126,0
TRX_100168,ACC_022,2026-01-02 18:00:00,421.1074834746507,6.045259981782325,1.176893260814578,0,421.1074834746507,0
TRX_100169,ACC_028,2026-01-02 18:15:00,7.183867276392231,2.1021648110681914,-3.486819776342377,1,14.45445091828967,1
TRX_100170,ACC_002,2026-01-02 18:30:00,170.33419852130388,5.143616026509542,0.11046993420796349,0,170.33419852130388,0
TRX_100171,ACC_042,2026-01-02 18:45:00,219.61641836231559,5.39642552998971,0.40948147875663365,0,219.61641836231559,0
TRX_100172,ACC_045,2026-01-02 19:00:00,581.7277719362457,6.367720133792843,1.5582844141563574,1,581.7277719362457,0
TRX_100173,ACC_006,2026-01-02 19:15:00,252.99622737776102,5.537319414064771,0.5761243355907331,0,252.99622737776102,0
TRX_100174,ACC_028,2026-01-02 19:30:00,107.91263761491736,4.690546071093092,-0.4254005346341912,0,107.91263761491736,0
TRX_100175,ACC_028,2026-01-02 19:45:00,116.67030579077029,4.767886695187259,-0.3339255736520812,0,116.67030579077029,0
TRX_100176,ACC_044,2026-01-02 20:00:00,105.86028290024439,4.671522213917515,-0.44790108480749063,0,105.86028290024439,0
TRX_100177,ACC_044,2026-01-02 20:15:00,183.08718513463012,5.215409477639357,0.19538395213565357,0,183.08718513463012,0
TRX_100178,ACC_020,2026-01-02 20:30:00,276.06013175424164,5.624234564773696,0.678923609749328,0,276.06013175424164,0
TRX_100179,ACC_030,2026-01-02 20:45:00,66.3815094932456,4.210370640417373,-0.993330122739778,0,66.3815094932456,0
TRX_100180,ACC_011,2026-01-02 21:00:00,208.7322263102767,5.34583160426119,0.34964129209983674,0,208.7322263102767,0
TRX_100181,ACC_028,2026-01-02 21:15:00,206.5193625725263,5.335224648919846,0.33709586933718805,0,206.5193625725263,0
TRX_100182,ACC_025,2026-01-02 21:30:00,152.18109719561835,5.031620863242179,-0.021992834357149407,0,152.18109719561835,0
TRX_100183,ACC_039,2026-01-02 21:45:00,158.974956008689,5.0750172780368255,0.029334464802867513,0,158.974956008689,0
TRX_100184,ACC_033,2026-01-02 22:00:00,64.42498669532897,4.1809042450585885,-1.0281816305637432,0,64.42498669532897,0
TRX_100185,ACC_001,2026-01-02 22:15:00,199.88209891009856,5.302718163371499,0.2986486815619755,0,199.88209891009856,0
TRX_100186,ACC_027,2026-01-02 22:30:00,70.21973061959974,4.265769895472354,-0.927806411831754,0,70.21973061959974,0
TRX_100187,ACC_013,2026-01-02 22:45:00,279.01741546655103,5.634851799329853,0.6914811902981984,0,279.01741546655103,0
TRX_100188,ACC_041,2026-01-02 23:00:00,114.15961866209653,4.746319154363853,-0.35943467677101887,0,114.15961866209653,0
TRX_100189,ACC_003,2026-01-02 23:15:00,31.24242535833667,3.4732831430451747,-1.8651235799587007,0,31.24242535833667,0
TRX_100190,ACC_039,2026-01-02 23:30:00,387.18325304482687,5.961477529785874,1.07779919974223,0,387.18325304482687,0
TRX_100191,ACC_006,2026-01-02 23:45:00,104.07504699148618,4.654674828109602,-0.4678274039635527,0,104.07504699148618,0
TRX_100192,ACC_008,2026-01-03 00:00:00,100.44138105352955,4.619481105082927,-0.5094529336044898,0,100.44138105352955,0
TRX_100193,ACC_027,2026-01-03 00:15:00,38.535148669663926,3.6771901159727296,-1.6239517170342714,0,38.535148669663926,0
TRX_100194,ACC_009,2026-01-03 00:30:00,308.4519868767711,5.734802948836179,0.809698848977497,0,308.4519868767711,0
TRX_100195,ACC_037,2026-01-03 00:45:00,85.73284490949226,4.462832646066525,-0.6947295827686606,0,85.73284490949226,0
TRX_100196,ACC_033,2026-01-03 01:00:00,104.27750522386732,4.656599770714431,-0.46555066968927133,0,104.27750522386732,0
TRX_100197,ACC_042,2026-01-03 01:15:00,50.342813519653554,3.938524975648751,-1.3148567702049996,0,50.342813519653554,0
TRX_100198,ACC_044,2026-01-03 01:30:00,261.2625431229369,5.5693460750094275,0.6140040087199892,0,261.2625431229369,0
TRX_100199,ACC_024,2026-01-03 01:45:00,238.37049743250867,5.47801255007658,0.5059788831479695,0,238.37049743250867,0
TRX_100200,ACC_015,2026-01-03 02:00:00,66.06867162540674,4.205717044121663,-0.9988341840860928,0,66.06867162540674,0
TRX_100201,ACC_032,2026-01-03 02:15:00,116.83098107122223,4.7692512338488,-0.33231165958964676,0,116.83098107122223,0
TRX_100202,ACC_032,2026-01-03 02:30:00,403.4012949282289,6.002407689238689,1.1262095246237456,0,403.4012949282289,0
TRX_100203,ACC_024,2026-01-03 02:45:00,20.592344067537432,3.072338810543237,-2.3393422406066566,0,20.592344067537432,0
TRX_100204,ACC_041,2026-01-03 03:00:00,814.5969751018953,6.703920329892411,1.9559266646629085,1,732.128172029599,1
TRX_100205,ACC_049,2026-01-03 03:15:00,138.3972567033216,4.937327818816582,-0.13351834453681677,0,138.3972567033216,0
TRX_100206,ACC_049,2026-01-03 03:30:00,64.7830396152883,4.186362048499767,-1.0217263897032358,0,64.7830396152883,0
TRX_100207,ACC_012,2026-01-03 03:45:00,68.49760402532023,4.241292277520665,-0.9567574213857953,0,68.49760402532023,0
TRX_100208,ACC_039,2026-01-03 04:00:00,253.21491742742091,5.538180040855008,0.5771422456862247,0,253.21491742742091,0
TRX_100209,ACC_002,2026-01-03 04:15:00,226.3845274045512,5.426642537684683,0.4452207766000066,0,226.3845274045512,0
TRX_100210,ACC_003,2026-01-03 04:30:00,347.7827994295679,5.854449377256852,0.9512111848244917,0,347.7827994295679,0
TRX_100211,ACC_049,2026-01-03 04:45:00,151.3654542643956,5.026281939502045,-0.028307469731963672,0,151.3654542643956,0
TRX_100212,ACC_037,2026-01-03 05:00:00,116.56383300323967,4.766981445674178,-0.3349962614679348,0,116.56383300323967,0
TRX_100213,ACC_049,2026-01-03 05:15:00,27.72987641668263,3.3579375714393995,-2.0015490586211264,0,27.72987641668263,0
TRX_100214,ACC_017,2026-01-03 05:30:00,166.0268976406548,5.118154863163883,0.08035563204293972,0,166.0268976406548,0
TRX_100215,ACC_049,2026-01-03 05:45:00,121.25982683404983,4.8061485082250455,-0.28867124714865305,0,121.25982683404983,0
TRX_100216,ACC_002,2026-01-03 06:00:00,248.87798015513533,5.520972719333276,0.5567902109923935,0,248.87798015513533,0
TRX_100217,ACC_002,2026-01-03 06:15:00,334.4069811566388,5.815344663593001,0.9049599139236768,0,334.4069811566388,0
TRX_100218,ACC_028,2026-01-03 06:30:00,211.64510254120094,5.359624590826397,0.36595500720954227,0,211.64510254120094,0
TRX_100219,ACC_023,2026-01-03 06:45:00,234.20122161202147,5.460441409939646,0.4851965403977967,0,234.20122161202147,0
TRX_100220,ACC_037,2026-01-03 07:00:00,189.12050502428514,5.247658108087142,0.2335261606643297,0,189.12050502428514,0
TRX_100221,ACC_032,2026-01-03 07:15:00,212.27011951274383,5.362559528991695,0.3694263181447717,0,212.27011951274383,0
TRX_100222,ACC_033,2026-01-03 07:30:00,146.05595443298438,4.99081315675405,-0.07025832745979126,0,146.05595443298438,0
TRX_100223,ACC_001,2026-01-03 07:45:00,164.30902341603428,5.107816591455881,0.0681279960212743,0,164.30902341603428,0
TRX_100224,ACC_019,2026-01-03 08:00:00,399.8523527086497,5.993593161771099,1.115784103758357,0,399.8523527086497,0
TRX_100225,ACC_002,2026-01-03 08:15:00,218.59362794140074,5.391778692554096,0.40398541148162176,0,218.59362794140074,0
TRX_100226,ACC_044,2026-01-03 08:30:00,135.64616612863364,4.917394855841701,-0.15709414356534573,0,135.64616612863364,0
TRX_100227,ACC_026,2026-01-03 08:45:00,100.18779954340043,4.616978191714144,-0.5124132653244959,0,100.18779954340043,0
TRX_100228,ACC_032,2026-01-03 09:00:00,157.0690418929161,5.063031911587427,0.015158720281073998,0,157.0690418929161,0
TRX_100229,ACC_006,2026-01-03 09:15:00,351.3545902720705,5.8646380272802565,0.9632618551451309,0,351.3545902720705,0
TRX_100230,ACC_032,2026-01-03 09:30:00,252.52802586775388,5.535474372611745,0.5739421047527655,0,252.52802586775388,0
TRX_100231,ACC_004,2026-01-03 09:45:00,8.550030423466737,2.256544340190888,-3.3042267139209915,1,14.45445091828967,1
TRX_100232,ACC_011,2026-01-03 10:00:00,191.81785713811894,5.261745997898467,0.2501886738765604,0,191.81785713811894,0
TRX_100233,ACC_017,2026-01-03 10:15:00,99.58663491023265,4.611019395064771,-0.5194610580904043,0,99.58663491023265,0
TRX_100234,ACC_038,2026-01-03 10:30:00,373.33357274498644,5.925147305638214,1.0348294684360517,0,373.33357274498644,0
TRX_100235,ACC_024,2026-01-03 10:45:00,83.417531582438,4.435775100202131,-0.7267320133309428,0,83.417531582438,0
TRX_100236,ACC_005,2026-01-03 11:00:00,148.67155449744408,5.008443256652979,-0.04940624979357499,0,148.67155449744408,0
TRX_100237,ACC_034,2026-01-03 11:15:00,93.07532475446666,4.544095788553975,-0.5986152460227834,0,93.07532475446666,0
TRX_100238,ACC_006,2026-01-03 11:30:00,276.07310104296647,5.62428137405334,0.6789789736292969,0,276.07310104296647,0
TRX_100239,ACC_022,2026-01-03 11:45:00,140.84498102869279,4.954734778384924,-0.11293018707131094,0,140.84498102869279,0
TRX_100240,ACC_011,2026-01-03 12:00:00,151.96507076009763,5.030209599643372,-0.023662012543236265,0,151.96507076009763,0
TRX_100241,ACC_048,2026-01-03 12:15:00,129.9222402460176,4.874603561051027,-0.20770573439741508,0,129.9222402460176,0
TRX_100242,ACC_016,2026-01-03 12:30:00,272.0109219387119,5.609511801486206,0.6615101971599465,0,272.0109219387119,0
TRX_100243,ACC_033,2026-01-03 12:45:00,161.96380654146952,5.093528130393097,0.05122825628525705,0,161.96380654146952,0
TRX_100244,ACC_009,2026-01-03 13:00:00,66.95664025809769,4.218869858531911,-0.9832776353890265,0,66.95664025809769,0
TRX_100245,ACC_006,2026-01-03 13:15:00,62.93402160609216,4.157851639199174,-1.055447200840993,0,62.93402160609216,0
TRX_100246,ACC_016,2026-01-03 13:30:00,218.25600536073674,5.390240021348044,0.40216554139153066,0,218.25600536073674,0
TRX_100247,ACC_029,2026-01-03 13:45:00,80.91380867160434,4.405667580695852,-0.762341813540878,0,80.91380867160434,0
TRX_100248,ACC_003,2026-01-03 14:00:00,194.08574229295482,5.273439165988677,0.26401881951266004,0,194.08574229295482,0
TRX_100249,ACC_020,2026-01-03 14:15:00,60.219116209504854,4.114459497109646,-1.1067694464403681,0,60.219116209504854,0
TRX_100250,ACC_036,2026-01-03 14:30:00,123.42570144566423,4.823708762226531,-0.26790178002273485,0,123.42570144566423,0
TRX_100251,ACC_019,2026-01-03 14:45:00,160.81337430830095,5.086443660715705,0.04284906882836081,0,160.81337430830095,0
TRX_100252,ACC_026,2026-01-03 15:00:00,54.02744330765557,4.00783203001882,-1.2328835489058299,0,54.02744330765557,0
TRX_100253,ACC_003,2026-01-03 15:15:00,360.4347583901081,5.890081550595138,0.9933552934866985,0,360.4347583901081,0
TRX_100254,ACC_019,2026-01-03 15:30:00,620.2754859971815,6.431774600307306,1.6340451142252659,1,620.2754859971815,0
TRX_100255,ACC_020,2026-01-03 15:45:00,272.32090975208195,5.61064659843068,0.6628523832029763,0,272.32090975208195,0
TRX_100256,ACC_032,2026-01-03 16:00:00,219.52903545935075,5.396029366305598,0.40901291442875154,0,219.52903545935075,0
TRX_100257,ACC_007,2026-01-03 16:15:00,470.0838052457151,6.155036008646665,1.3067313361055148,0,470.0838052457151,0
TRX_100258,ACC_041,2026-01-03 16:30:00,358.13254117239387,5.883691515818681,0.9857974519422725,0,358.13254117239387,0
TRX_100259,ACC_033,2026-01-03 16:45:00,83.30083508586364,4.434391771078124,-0.7283681518949383,0,83.30083508586364,0
TRX_100260,ACC_040,2026-01-03 17:00:00,106.20655700208546,4.674757412830364,-0.44407463916151424,0,106.20655700208546,0
TRX_100261,ACC_039,2026-01-03 17:15:00,210.58723557708876,5.354637374804923,0.3600563556752829,0,210.58723557708876,0
TRX_100262,ACC_018,2026-01-03 17:30:00,164.94468493481818,5.111654509541101,0.07266731040113389,0,164.94468493481818,0
TRX_100263,ACC_040,2026-01-03 17:45:00,245.9520108167123,5.509194029560133,0.5428589142122333,0,245.9520108167123,0
TRX_100264,ACC_001,2026-01-03 18:00:00,439.58568258543175,6.088104938573424,1.2275683206120527,0,439.58568258543175,0
TRX_100265,ACC_011,2026-01-03 18:15:00,110.51357115633422,4.714146297900161,-0.39748726328901696,0,110.51357115633422,0
TRX_100266,ACC_028,2026-01-03 18:30:00,188.56167325731298,5.2447144241194765,0.23004450559314707,0,188.56167325731298,0
TRX_100267,ACC_025,2026-01-03 18:45:00,78.75863869910556,4.379005058044361,-0.7938770286725815,0,78.75863869910556,0
TRX_100268,ACC_050,2026-01-03 19:00:00,194.73621504306087,5.276767911155261,0.267955907398865,0,194.73621504306087,0
TRX_100269,ACC_023,2026-01-03 19:15:00,54.47433777730121,4.015920531429718,-1.2233168385303768,0,54.47433777730121,0
TRX_100270,ACC_031,2026-01-03 19:30:00,124.87562839820407,4.835294343266218,-0.25419888344059527,0,124.87562839820407,0
TRX_100271,ACC_030,2026-01-03 19:45:00,258.51411346154237,5.558811088262055,0.6015437071262291,0,258.51411346154237,0
TRX_100272,ACC_042,2026-01-03 20:00:00,49.23704629277306,3.916752728488418,-1.340607990638124,0,49.23704629277306,0
TRX_100273,ACC_035,2026-01-03 20:15:00,348.1561928510757,5.855519366070378,0.9524767187675508,0,348.1561928510757,0
TRX_100274,ACC_007,2026-01-03 20:30:00,456.15335097757105,6.125018894732473,1.271228463504525,0,456.15335097757105,0
TRX_100275,ACC_016,2026-01-03 20:45:00,320.89291712048174,5.774218934709102,0.8563182784432728,0,320.89291712048174,0
TRX_100276,ACC_026,2026-01-03 21:00:00,373.8560936505825,5.926542202054321,1.0364792882653062,0,373.8560936505825,0
TRX_100277,ACC_048,2026-01-03 21:15:00,177.62403916679781,5.185283257183348,0.1597520332957367,0,177.62403916679781,0
TRX_100278,ACC_049,2026-01-03 21:30:00,287.8580071280878,5.6659352425565395,0.7282452685514175,0,287.8580071280878,0
TRX_100279,ACC_002,2026-01-03 21:45:00,357.5688256910002,5.882120624015086,0.9839394727996945,0,357.5688256910002,0
TRX_100280,ACC_001,2026-01-03 22:00:00,198.37703663642512,5.295197688591262,0.28975380716515775,0,198.37703663642512,0
TRX_100281,ACC_048,2026-01-03 22:15:00,376.92719115203016,5.934701561066824,1.0461298057785722,0,376.92719115203016,0
TRX_100282,ACC_012,2026-01-03 22:30:00,260.03814698320986,5.564666553666589,0.6084692844109388,0,260.03814698320986,0
TRX_100283,ACC_005,2026-01-03 22:45:00,120.80249104262717,4.8024008069765705,-0.29310385717077353,0,120.80249104262717,0
TRX_100284,ACC_037,2026-01-03 23:00:00,118.9531184795686,4.787100987110064,-0.3111997859496516,0,118.9531184795686,0
TRX_100285,ACC_032,2026-01-03 23:15:00,170.44478299750222,5.144261249734985,0.11123307479628211,0,170.44478299750222,0
TRX_100286,ACC_009,2026-01-03 23:30:00,347.59959679707106,5.853923976450344,0.9505897647255691,0,347.59959679707106,0
TRX_100287,ACC_041,2026-01-03 23:45:00,280.56634523708766,5.640368104489293,0.6980056243215237,0,280.56634523708766,0
TRX_100288,ACC_035,2026-01-04 00:00:00,68.50317198148011,4.241372391550569,-0.9566626661669767,0,68.50317198148011,0
TRX_100289,ACC_019,2026-01-04 00:15:00,471.88939415746756,6.158861522156778,1.3112559789199831,0,471.88939415746756,0
TRX_100290,ACC_048,2026-01-04 00:30:00,460.69835670290564,6.134911770275302,1.2829293052662794,0,460.69835670290564,0
TRX_100291,ACC_016,2026-01-04 00:45:00,68.57708976148184,4.2424353430583555,-0.9554054556280205,0,68.57708976148184,0
TRX_100292,ACC_003,2026-01-04 01:00:00,221.61253279768528,5.405432739132947,0.4201347947155552,0,221.61253279768528,0
TRX_100293,ACC_020,2026-01-04 01:15:00,177.41971681486334,5.184138734301682,0.15839834385800916,0,177.41971681486334,0
TRX_100294,ACC_024,2026-01-04 01:30:00,398.6443730348391,5.990575084240239,1.112214459375345,0,398.6443730348391,0
TRX_100295,ACC_033,2026-01-04 01:45:00,77.09933681994262,4.357981565387599,-0.8187426564459425,0,77.09933681994262,0
TRX_100296,ACC_024,2026-01-04 02:00:00,289.47054093443194,5.671502163006721,0.7348295680309623,0,289.47054093443194,0
TRX_100297,ACC_011,2026-01-04 02:15:00,259.80084632722964,5.563757075166978,0.6073935947427942,0,259.80084632722964,0
TRX_100298,ACC_049,2026-01-04 02:30:00,274.03877020070826,5.616912070277496,0.6702628973982608,0,274.03877020070826,0
TRX_100299,ACC_008,2026-01-04 02:45:00,232.68918754207522,5.453991974073442,0.47756844195499965,0,232.68918754207522,0
TRX_100300,ACC_036,2026-01-04 03:00:00,62.39105205714506,4.149322716737389,-1.0655348211382034,0,62.39105205714506,0
TRX_100301,ACC_038,2026-01-04 03:15:00,302.2644217973258,5.714605104145362,0.7858097599424049,0,302.2644217973258,0
TRX_100302,ACC_040,2026-01-04 03:30:00,307.21035158471057,5.730782509553355,0.8049436568538921,0,307.21035158471057,0
TRX_100303,ACC_020,2026-01-04 03:45:00,217.00572774134105,5.384521336486781,0.3954017418918516,0,217.00572774134105,0
TRX_100304,ACC_035,2026-01-04 04:00:00,173.02986678248132,5.1592269326598466,0.12893380164787213,0,173.02986678248132,0
TRX_100305,ACC_048,2026-01-04 04:15:00,493.0937401506807,6.202725256576308,1.3631360024076489,0,493.0937401506807,0
TRX_100306,ACC_025,2026-01-04 04:30:00,489.62995826785135,6.195690194509253,1.3548152520176984,0,489.62995826785135,0
TRX_100307,ACC_035,2026-01-04 04:45:00,118.99489924401338,4.787449235578739,-0.31078789355212716,0,118.99489924401338,0
TRX_100308,ACC_025,2026-01-04 05:00:00,244.67111927765356,5.503993727960724,0.536708234779883,0,244.67111927765356,0
TRX_100309,ACC_029,2026-01-04 05:15:00,83.2923586109796,4.434291215715177,-0.7284870841897033,0,83.2923586109796,0
TRX_100310,ACC_018,2026-01-04 05:30:00,111.39349003061506,4.722006017905195,-0.3881911451206994,0,111.39349003061506,0
TRX_100311,ACC_046,2026-01-04 05:45:00,185.6562676768818,5.22926878463544,0.21177610802467567,0,185.6562676768818,0
TRX_100312,ACC_018,2026-01-04 06:00:00,133.71148156522727,4.903135317832962,-0.17395967443285115,0,133.71148156522727,0
TRX_100313,ACC_002,2026-01-04 06:15:00,68.08051154267126,4.235272658327367,-0.9638771522812124,0,68.08051154267126,0
TRX_100314,ACC_035,2026-01-04 06:30:00,71.34756426606175,4.281481786526839,-0.9092231040553099,0,71.34756426606175,0
TRX_100315,ACC_016,2026-01-04 06:45:00,71.38109091936661,4.281945090132632,-0.9086751296917821,0,71.38109091936661,0
TRX_100316,ACC_041,2026-01-04 07:00:00,63.22978511449665,4.162467045701232,-1.0499883086399395,0,63.22978511449665,0
TRX_100317,ACC_036,2026-01-04 07:15:00,20.83245994246699,3.08339785053787,-2.3262621127455607,0,20.83245994246699,0
TRX_100318,ACC_033,2026-01-04 07:30:00,190.142454806074,5.253018986729687,0.23986676329587242,0,190.142454806074,0
TRX_100319,ACC_004,2026-01-04 07:45:00,145.75742426753376,4.988781048689389,-0.07266181214980319,0,145.75742426753376,0
TRX_100320,ACC_033,2026-01-04 08:00:00,20.467722288555088,3.0665505181658412,-2.3461883687000973,0,20.467722288555088,0
TRX_100321,ACC_014,2026-01-04 08:15:00,289.6991606189457,5.672288920112934,0.7357601084350015,0,289.6991606189457,0
TRX_100322,ACC_021,2026-01-04 08:30:00,147.94240608193095,5.003559694858144,-0.0551823038385016,0,147.94240608193095,0
TRX_100323,ACC_048,2026-01-04 08:45:00,137.9043019140835,4.933785220584394,-0.13770836807050565,0,137.9043019140835,0
TRX_100324,ACC_020,2026-01-04 09:00:00,365.7078644566164,5.9045655214156625,1.0104862732426976,0,365.7078644566164,0
TRX_100325,ACC_008,2026-01-04 09:15:00,122.58911011867598,4.816962435306088,-0.27588102765679384,0,122.58911011867598,0
TRX_100326,ACC_007,2026-01-04 09:30:00,225.1373344670163,5.421142489345636,0.4387155704020132,0,225.1373344670163,0
TRX_100327,ACC_003,2026-01-04 09:45:00,166.0607120111982,5.118357291327526,0.08059505483772321,0,166.0607120111982,0
TRX_100328,ACC_017,2026-01-04 10:00:00,104.57754010558537,4.659445660256699,-0.4621846814019076,0,104.57754010558537,0
TRX_100329,ACC_033,2026-01-04 10:15:00,63.58336011784764,4.167956794293224,-1.0434952845127654,0,63.58336011784764,0
TRX_100330,ACC_048,2026-01-04 10:30:00,81.38677335721688,4.411424906521608,-0.7555323112716548,0,81.38677335721688,0
TRX_100331,ACC_012,2026-01-04 10:45:00,146.3569957099526,4.992858184880282,-0.06783956151051976,0,146.3569957099526,0
TRX_100332,ACC_022,2026-01-04 11:00:00,334.4407769159366,5.81544541896982,0.9050790827857238,0,334.4407769159366,0
TRX_100333,ACC_022,2026-01-04 11:15:00,11.506643459631892,2.5262599798950496,-2.9852193629050094,0,11.506643459631892,0
TRX_100334,ACC_046,2026-01-04 11:30:00,46.741453319532376,3.8658000628338423,-1.4008724785094901,0,46.741453319532376,0
TRX_100335,ACC_030,2026-01-04 11:45:00,248.49463030943818,5.519437393154117,0.5549742972474725,0,248.49463030943818,0
TRX_100336,ACC_038,2026-01-04 12:00:00,224.49304191687958,5.418289302222233,0.4353409508686853,0,224.49304191687958,0
TRX_100337,ACC_038,2026-01-04 12:15:00,76.60826210567208,4.351673891955517,-0.826203084750542,0,76.60826210567208,0
TRX_100338,ACC_045,2026-01-04 12:30:00,151.26482809765756,5.025621294935671,-0.029088849978631443,0,151.26482809765756,0
TRX_100339,ACC_008,2026-01-04 12:45:00,356.94382235922524,5.880376053303059,0.9818760741695136,0,356.94382235922524,0
TRX_100340,ACC_027,2026-01-04 13:00:00,130.6123481531833,4.879860845440609,-0.2014876583210792,0,130.6123481531833,0
TRX_100341,ACC_027,2026-01-04 13:15:00,197.21910075880174,5.289372988386705,0.2828646175551074,0,197.21910075880174,0
TRX_100342,ACC_034,2026-01-04 13:30:00,164.91670897352074,5.1114859092647364,0.07246789768779449,0,164.91670897352074,0
TRX_100343,ACC_021,2026-01-04 13:45:00,434.48727511589817,6.076465576843626,1.2138018146837637,0,434.48727511589817,0
TRX_100344,ACC_030,2026-01-04 14:00:00,465.88654130652804,6.146086275916807,1.2961460006255834,0,465.88654130652804,0
TRX_100345,ACC_033,2026-01-04 14:15:00,204.70228690972075,5.326429914291426,0.32669385853878496,0,204.70228690972075,0
TRX_100346,ACC_028,2026-01-04 14:30:00,217.23014818754848,5.385550231533653,0.39661867200289785,0,217.23014818754848,0
TRX_100347,ACC_047,2026-01-04 14:45:00,80.25518064556904,4.397594580968769,-0.7718901892320845,0,80.25518064556904,0
TRX_100348,ACC_033,2026-01-04 15:00:00,178.02740643390607,5.187538902690142,0.1624199078718751,0,178.02740643390607,0
TRX_100349,ACC_005,2026-01-04 15:15:00,263.48244531783433,5.577774879787059,0.6239732143889387,0,263.48244531783433,0
TRX_100350,ACC_048,2026-01-04 15:30:00,,,0.11025244428426656,0,,1
TRX_100351,ACC_019,2026-01-04 15:45:00,,,0.11025244428426656,0,,1
TRX_100352,ACC_004,2026-01-04 16:00:00,389.02993340989656,5.96622348851145,1.083412503155921,0,389.02993340989656,0
TRX_100353,ACC_035,2026-01-04 16:15:00,113.73801418641325,4.742651391950688,-0.36377273878649197,0,113.73801418641325,0
TRX_100354,ACC_049,2026-01-04 16:30:00,82.17089901087992,4.4208975151389955,-0.7443285420517519,0,82.17089901087992,0
TRX_100355,ACC_017,2026-01-04 16:45:00,141.54494634822683,4.959657362946505,-0.10710797867855865,0,141.54494634822683,0
TRX_100356,ACC_044,2026-01-04 17:00:00,390.4065301128983,5.969746738810787,1.0875796428375155,0,390.4065301128983,0
TRX_100357,ACC_028,2026-01-04 17:15:00,,,0.11025244428426656,0,,1
TRX_100358,ACC_030,2026-01-04 17:30:00,58.44960183347102,4.085128925611772,-1.1414603079995438,0,58.44960183347102,0
TRX_100359,ACC_029,2026-01-04 17:45:00,245.81159398036382,5.508625268157837,0.5421862091792377,0,245.81159398036382,0
TRX_100360,ACC_046,2026-01-04 18:00:00,587.0588793382387,6.376827077814437,1.5690556919783116,1,587.0588793382387,0
TRX_100361,ACC_006,2026-01-04 18:15:00,24.448762266126813,3.2366671078699265,-2.144982229134378,0,24.448762266126813,0
TRX_100362,ACC_035,2026-01-04 18:30:00,290.667095471108,5.67561306787508,0.7396917587210248,0,290.667095471108,0
TRX_100363,ACC_041,2026-01-04 18:45:00,133.96983990475505,4.905051345366194,-0.17169348449844385,0,133.96983990475505,0
TRX_100364,ACC_037,2026-01-04 19:00:00,117.4540510643159,4.77452513064737,-0.326073935114014,0,117.4540510643159,0
TRX_100365,ACC_024,2026-01-04 19:15:00,178.51205877351828,5.190242385468631,0.16561746393732593,0,178.51205877351828,0
TRX_100366,ACC_029,2026-01-04 19:30:00,105.20228527238594,4.66534562714869,-0.45520646978851953,0,105.20228527238594,0
TRX_100367,ACC_049,2026-01-04 19:45:00,320.71231355570234,5.773657710030023,0.8556544875025835,0,320.71231355570234,0
TRX_100368,ACC_046,2026-01-04 20:00:00,78.52126722453832,4.376024498143606,-0.7974022989147048,0,78.52126722453832,0
TRX_100369,ACC_031,2026-01-04 20:15:00,361.92651611236056,5.8942003788199555,0.9982268555612231,0,361.92651611236056,0
TRX_100370,ACC_035,2026-01-04 20:30:00,218.75843069592142,5.3925289007709925,0.4048727235271708,0,218.75843069592142,0
TRX_100371,ACC_033,2026-01-04 20:45:00,99.09922184929059,4.6061619125575985,-0.5252062667439298,0,99.09922184929059,0
TRX_100372,ACC_021,2026-01-04 21:00:00,11111.896356376605,9.315861546801528,5.04521154828911,1,732.128172029599,1
TRX_100373,ACC_032,2026-01-04 21:15:00,85.51745895450813,4.460346231195732,-0.6976704008181013,0,85.51745895450813,0
TRX_100374,ACC_023,2026-01-04 21:30:00,109.88587488689004,4.708501518227104,-0.4041636511045174,0,109.88587488689004,0
TRX_100375,ACC_033,2026-01-04 21:45:00,249.69817583171175,5.524249728838261,0.5606661082988533,0,249.69817583171175,0
TRX_100376,ACC_003,2026-01-04 22:00:00,51.257103020124674,3.9561758245744056,-1.2939801515367884,0,51.257103020124674,0
TRX_100377,ACC_018,2026-01-04 22:15:00,67.38315085157247,4.225126461704302,-0.9758776106571578,0,67.38315085157247,0
TRX_100378,ACC_025,2026-01-04 22:30:00,205.00269676301866,5.327889259786509,0.3284199057977208,0,205.00269676301866,0
TRX_100379,ACC_042,2026-01-04 22:45:00,280.1791553413184,5.638992029668724,0.6963780658166072,0,280.1791553413184,0
TRX_100380,ACC_031,2026-01-04 23:00:00,184.5970183340944,5.223577755212789,0.20504501811581688,0,184.5970183340944,0
TRX_100381,ACC_003,2026-01-04 23:15:00,181.65567007606825,5.207602796154299,0.18615056550851836,0,181.65567007606825,0
TRX_100382,ACC_040,2026-01-04 23:30:00,100.73788182143943,4.622399719652034,-0.5060009294739594,0,100.73788182143943,0
TRX_100383,ACC_046,2026-01-04 23:45:00,480.9713740177685,6.1778847222823146,1.3337557519644776,0,480.9713740177685,0
TRX_100384,ACC_024,2026-01-05 00:00:00,231.34836675712572,5.448237826270757,0.47076269850644703,0,231.34836675712572,0
TRX_100385,ACC_050,2026-01-05 00:15:00,53.93793248123837,4.006204047655381,-1.234809052157443,0,53.93793248123837,0
TRX_100386,ACC_032,2026-01-05 00:30:00,291.94160708576715,5.679973295932896,0.7448488375024971,0,291.94160708576715,0
TRX_100387,ACC_047,2026-01-05 00:45:00,259.97332939241005,5.564418215865348,0.6081755617917464,0,259.97332939241005,0
TRX_100388,ACC_022,2026-01-05 01:00:00,128.93801613861896,4.867057537817126,-0.2166308263394039,0,128.93801613861896,0
TRX_100389,ACC_023,2026-01-05 01:15:00,93.78911645479711,4.551654597341195,-0.5896750319117572,0,93.78911645479711,0
TRX_100390,ACC_002,2026-01-05 01:30:00,234.93303992985415,5.463548035656103,0.4888709155341148,0,234.93303992985415,0
TRX_100391,ACC_027,2026-01-05 01:45:00,,,0.11025244428426656,0,,1
TRX_100392,ACC_042,2026-01-05 02:00:00,139.35944120044348,4.944206569519026,-0.12538247209615003,0,139.35944120044348,0
TRX_100393,ACC_002,2026-01-05 02:15:00,101.12516934334761,4.626199211375586,-0.5015070640412129,0,101.12516934334761,0
TRX_100394,ACC_026,2026-01-05 02:30:00,101.1076252057803,4.626027406082032,-0.5017102675026341,0,101.1076252057803,0
TRX_100395,ACC_017,2026-01-05 02:45:00,143.0502973079041,4.970162525449991,-0.09468295183953133,0,143.0502973079041,0
TRX_100396,ACC_040,2026-01-05 03:00:00,,,0.11025244428426656,0,,1
TRX_100397,ACC_033,2026-01-05 03:15:00,196.72246570775812,5.2868643590658255,0.27989752526779105,0,196.72246570775812,0
TRX_100398,ACC_009,2026-01-05 03:30:00,304.02710549499227,5.72040064313405,0.7926644589970051,0,304.02710549499227,0
TRX_100399,ACC_043,2026-01-05 03:45:00,215.4716729535175,5.377459698020782,0.3870495581499599,0,215.4716729535175,0
TRX_100400,ACC_048,2026-01-05 04:00:00,35.45907840887877,3.5961904921586667,-1.7197543759181142,0,35.45907840887877,0
TRX_100401,ACC_039,2026-01-05 04:15:00,41.92983433514733,3.7595670232760146,-1.526520070087383,0,41.92983433514733,0
TRX_100402,ACC_029,2026-01-05 04:30:00,137.7587918086253,4.932737115005595,-0.13894801952210287,0,137.7587918086253,0
TRX_100403,ACC_042,2026-01-05 04:45:00,67.06039909012851,4.220395532854106,-0.9814731374200907,0,67.06039909012851,0
TRX_100404,ACC_026,2026-01-05 05:00:00,160.3730597457633,5.083718825830473,0.03962625846538948,0,160.3730597457633,0
TRX_100405,ACC_035,2026-01-05 05:15:00,130.53392706447872,4.879264818831748,-0.20219261139623734,0,130.53392706447872,0
TRX_100406,ACC_050,2026-01-05 05:30:00,221.9808775018765,5.40708601667062,0.42209021594498697,0,221.9808775018765,0
TRX_100407,ACC_025,2026-01-05 05:45:00,91.95693914116409,4.532136365938919,-0.6127603053611824,0,91.95693914116409,0
TRX_100408,ACC_024,2026-01-05 06:00:00,300.98378926664884,5.710373338009155,0.780804620059855,0,300.98378926664884,0
TRX_100409,ACC_013,2026-01-05 06:15:00,239.12132075738043,5.481144298774065,0.5096829725998382,0,239.12132075738043,0
TRX_100410,ACC_007,2026-01-05 06:30:00,593.6308611507178,6.387940811589665,1.5822005091473161,1,593.6308611507178,0
TRX_100411,ACC_036,2026-01-05 06:45:00,320.31753015311807,5.772429824711642,0.854202200778692,0,320.31753015311807,0
TRX_100412,ACC_045,2026-01-05 07:00:00,39.723429013668245,3.7068035782662965,-1.588926265150783,0,39.723429013668245,0
TRX_100413,ACC_020,2026-01-05 07:15:00,135.0596568605653,4.91309344294229,-0.1621816584613017,0,135.0596568605653,0
TRX_100414,ACC_001,2026-01-05 07:30:00,29.427828043907066,3.4153575858737555,-1.9336352857301853,0,29.427828043907066,0
TRX_100415,ACC_008,2026-01-05 07:45:00,244.59678531750194,5.503691107089205,0.5363503086222032,0,244.59678531750194,0
TRX_100416,ACC_046,2026-01-05 08:00:00,282.60704268574256,5.647589627515158,0.7065469122249944,0,282.60704268574256,0
TRX_100417,ACC_016,2026-01-05 08:15:00,76.46222044143934,4.349790339328211,-0.8284308648481113,0,76.46222044143934,0
TRX_100418,ACC_014,2026-01-05 08:30:00,50.41311055131491,3.939893209028259,-1.3132384861987505,0,50.41311055131491,0
TRX_100419,ACC_012,2026-01-05 08:45:00,383.1654741387673,5.951073382003778,1.0654936485061737,0,383.1654741387673,0
TRX_100420,ACC_023,2026-01-05 09:00:00,181.91869167061913,5.209041746296634,0.1878524900749017,0,181.91869167061913,0
TRX_100421,ACC_015,2026-01-05 09:15:00,,,0.11025244428426656,0,,1
TRX_100422,ACC_028,2026-01-05 09:30:00,92.99441740654106,4.5432353912142736,-0.5996328847346515,0,92.99441740654106,0
TRX_100423,ACC_034,2026-01-05 09:45:00,82.59160703058804,4.425943120679848,-0.7383608300583938,0,82.59160703058804,0
TRX_100424,ACC_002,2026-01-05 10:00:00,90.31226731075537,4.5142851412339455,-0.6338739193576519,0,90.31226731075537,0
TRX_100425,ACC_032,2026-01-05 10:15:00,108.79339924223773,4.698600411077466,-0.4158742288351814,0,108.79339924223773,0
TRX_100426,ACC_023,2026-01-05 10:30:00,170.27119877859812,5.143248257969336,0.11003495436057069,0,170.27119877859812,0
TRX_100427,ACC_022,2026-01-05 10:45:00,108.34699943564728,4.694526306743067,-0.42069289353295314,0,108.34699943564728,0
TRX_100428,ACC_025,2026-01-05 11:00:00,199.7628849236437,5.302124534695658,0.2979465646525704,0,199.7628849236437,0
TRX_100429,ACC_022,2026-01-05 11:15:00,121.36664099506937,4.807021792042252,-0.2876383668992254,0,121.36664099506937,0
TRX_100430,ACC_022,2026-01-05 11:30:00,76.54669565605401,4.350880279508483,-0.8271417333388827,0,76.54669565605401,0
TRX_100431,ACC_049,2026-01-05 11:45:00,156.85614008347588,5.061684112463993,0.013564604980456028,0,156.85614008347588,0
TRX_100432,ACC_042,2026-01-05 12:00:00,262.73982035526484,5.574963088236016,0.6206475556496415,0,262.73982035526484,0
TRX_100433,ACC_006,2026-01-05 12:15:00,82.32125028886344,4.422703622147484,-0.7421923610981325,0,82.32125028886344,0
TRX_100434,ACC_015,2026-01-05 12:30:00,222.05550550007453,5.407420644076538,0.42248599797103603,0,222.05550550007453,0
TRX_100435,ACC_043,2026-01-05 12:45:00,141.27295516245593,4.957747431955441,-0.10936695790108725,0,141.27295516245593,0
TRX_100436,ACC_037,2026-01-05 13:00:00,27.451444477224424,3.3481989317693808,-2.01306747723059,0,27.451444477224424,0
TRX_100437,ACC_033,2026-01-05 13:15:00,313.2941047332806,5.750329186813358,0.8280625747657996,0,313.2941047332806,0
TRX_100438,ACC_008,2026-01-05 13:30:00,140.36524024650004,4.951346897545778,-0.11693721793255092,0,140.36524024650004,0
TRX_100439,ACC_044,2026-01-05 13:45:00,293.9838325313347,5.686920549859446,0.7530657324307065,0,293.9838325313347,0
TRX_100440,ACC_044,2026-01-05 14:00:00,194.70785578275337,5.2766230155624,0.2677845315034844,0,194.70785578275337,0
TRX_100441,ACC_005,2026-01-05 14:15:00,42.60629678054159,3.7752015614992525,-1.5080282517099843,0,42.60629678054159,0
TRX_100442,ACC_039,2026-01-05 14:30:00,6.014174295301638,1.9479330010387859,-3.6692381233609157,1,14.45445091828967,1
TRX_100443,ACC_004,2026-01-05 14:45:00,49.55775518921596,3.92311634990547,-1.3330813896099112,0,49.55775518921596,0
TRX_100444,ACC_006,2026-01-05 15:00:00,5.490425953853849,1.8703281608972449,-3.7610255870271905,1,14.45445091828967,1
TRX_100445,ACC_045,2026-01-05 15:15:00,208.16253664320357,5.343111637010797,0.34642423895323504,0,208.16253664320357,0
TRX_100446,ACC_032,2026-01-05 15:30:00,206.78979392067808,5.336526962544022,0.33863618646487187,0,206.78979392067808,0
TRX_100447,ACC_030,2026-01-05 15:45:00,40.77371478660929,3.732267308876167,-1.5588089265427985,0,40.77371478660929,0
TRX_100448,ACC_047,2026-01-05 16:00:00,129.02723514151344,4.8677439296018585,-0.21581899345775546,0,129.02723514151344,0
TRX_100449,ACC_035,2026-01-05 16:15:00,298.2944162235368,5.701427758565471,0.7702241968972875,0,298.2944162235368,0
TRX_100450,ACC_040,2026-01-05 16:30:00,102.2711441743601,4.637357997067662,-0.4883089615207634,0,102.2711441743601,0
TRX_100451,ACC_016,2026-01-05 16:45:00,339.8449396614001,5.831427651465348,0.9239821380824509,0,339.8449396614001,0
TRX_100452,ACC_013,2026-01-05 17:00:00,178.06716511596875,5.18776095957335,0.1626825466204644,0,178.06716511596875,0
TRX_100453,ACC_050,2026-01-05 17:15:00,131.5705715995539,4.887115119482491,-0.1929076340103528,0,131.5705715995539,0
TRX_100454,ACC_042,2026-01-05 17:30:00,181.70303340189088,5.207862066431082,0.18645721856091246,0,181.70303340189088,0
TRX_100455,ACC_030,2026-01-05 17:45:00,123.36342768967576,4.823208147448824,-0.26849388433782323,0,123.36342768967576,0
TRX_100456,ACC_019,2026-01-05 18:00:00,59.62899126403174,4.104773182373598,-1.1182259775056156,0,59.62899126403174,0
TRX_100457,ACC_017,2026-01-05 18:15:00,55.90782029030166,4.04143277088525,-1.193142125873293,0,55.90782029030166,0
TRX_100458,ACC_019,2026-01-05 18:30:00,299.4700490200319,5.7053480785254065,0.774860972454411,0,299.4700490200319,0
TRX_100459,ACC_028,2026-01-05 18:45:00,272.17502917078843,5.610112722241057,0.6622209388076534,0,272.17502917078843,0
TRX_100460,ACC_026,2026-01-05 19:00:00,226.92793295215284,5.429029495446319,0.44804396131914986,0,226.92793295215284,0
TRX_100461,ACC_037,2026-01-05 19:15:00,122.58059652805396,4.8168935466810145,-0.27596250597901495,0,122.58059652805396,0
TRX_100462,ACC_026,2026-01-05 19:30:00,252.59788451195436,5.535749880698445,0.5742679631457681,0,252.59788451195436,0
TRX_100463,ACC_023,2026-01-05 19:45:00,94.24844574734136,4.5564886962604625,-0.5839574802989692,0,94.24844574734136,0
TRX_100464,ACC_009,2026-01-05 20:00:00,203.62716620319583,5.321189621845141,0.3204958797576067,0,203.62716620319583,0
TRX_100465,ACC_012,2026-01-05 20:15:00,141.55273823304148,4.959712024104682,-0.10704332795495652,0,141.55273823304148,0
TRX_100466,ACC_001,2026-01-05 20:30:00,303.76233783684415,5.719532252650476,0.791637366359306,0,303.76233783684415,0
TRX_100467,ACC_001,2026-01-05 20:45:00,518.8285852793629,6.253499113537514,1.423189003515871,0,518.8285852793629,0
TRX_100468,ACC_047,2026-01-05 21:00:00,63.50526744264594,4.166746886244715,-1.0449263085421887,0,63.50526744264594,0
TRX_100469,ACC_034,2026-01-05 21:15:00,173.94488782470174,5.164470997607692,0.13513624237175043,0,173.94488782470174,0
TRX_100470,ACC_032,2026-01-05 21:30:00,759.066335381664,6.633405712868329,1.8725251933599005,1,732.128172029599,1
TRX_100471,ACC_048,2026-01-05 21:45:00,130.72150420585328,4.880689877165501,-0.20050711742713537,0,130.72150420585328,0
TRX_100472,ACC_025,2026-01-05 22:00:00,128.9627803339418,4.8672481043389215,-0.21640543295332876,0,128.9627803339418,0
TRX_100473,ACC_040,2026-01-05 22:15:00,182.21430025886818,5.210656507375243,0.18976235579413026,0,182.21430025886818,0
TRX_100474,ACC_045,2026-01-05 22:30:00,211.02354180895006,5.356697314775464,0.3624927586735475,0,211.02354180895006,0
TRX_100475,ACC_001,2026-01-05 22:45:00,552.2349805617407,6.315782830911034,1.496855342303447,1,552.2349805617407,0
TRX_100476,ACC_016,2026-01-05 23:00:00,292.4204116765061,5.681606432738617,0.7467804371932345,0,292.4204116765061,0
TRX_100477,ACC_039,2026-01-05 23:15:00,142.63830355777822,4.96729835891344,-0.09807055732172017,0,142.63830355777822,0
TRX_100478,ACC_005,2026-01-05 23:30:00,405.43586115355464,6.00742613339871,1.1321451113752803,0,405.43586115355464,0
TRX_100479,ACC_022,2026-01-05 23:45:00,149.13815874783958,5.011555928501252,-0.045724723568440456,0,149.13815874783958,0
TRX_100480,ACC_029,2026-01-06 00:00:00,131.30191193402737,4.885086522520852,-0.19530696592792887,0,131.30191193402737,0
TRX_100481,ACC_003,2026-01-06 00:15:00,349.34996108583323,5.858932543744276,0.9565136695705941,0,349.34996108583323,0
TRX_100482,ACC_012,2026-01-06 00:30:00,202.88378196178786,5.317550135239895,0.31619126107746154,0,202.88378196178786,0
TRX_100483,ACC_026,2026-01-06 00:45:00,342.54128408083216,5.8393072909932195,0.9333018161534157,0,342.54128408083216,0
TRX_100484,ACC_016,2026-01-06 01:00:00,639.6586759031011,6.46249682820854,1.6703819634744668,1,639.6586759031011,0
TRX_100485,ACC_037,2026-01-06 01:15:00,44.52852995060844,3.8183391613360564,-1.4570070670718955,0,44.52852995060844,0
TRX_100486,ACC_022,2026-01-06 01:30:00,133.91229171765198,4.904624876317433,-0.1721978926287425,0,133.91229171765198,0
TRX_100487,ACC_029,2026-01-06 01:45:00,157.18156669871374,5.063743529573222,0.016000389562220444,0,157.18156669871374,0
TRX_100488,ACC_014,2026-01-06 02:00:00,50.778460261810864,3.946974237724656,-1.3048633685771567,0,50.778460261810864,0
TRX_100489,ACC_028,2026-01-06 02:15:00,172.44607401054844,5.155866738455344,0.12495951727469493,0,172.44607401054844,0
TRX_100490,ACC_005,2026-01-06 02:30:00,197.81796102784304,5.29238963736396,0.2864325723101029,0,197.81796102784304,0
TRX_100491,ACC_047,2026-01-06 02:45:00,15.562312132638167,2.8071297607470553,-2.6530194027235563,0,15.562312132638167,0
TRX_100492,ACC_049,2026-01-06 03:00:00,391.0921530752616,5.971496896538127,1.089649649534462,0,391.0921530752616,0
TRX_100493,ACC_030,2026-01-06 03:15:00,110.26136012811003,4.711882029344221,-0.4001653368141983,0,110.26136012811003,0
TRX_100494,ACC_046,2026-01-06 03:30:00,180.8873000423654,5.203387264737929,0.18116462731177116,0,180.8873000423654,0
TRX_100495,ACC_005,2026-01-06 03:45:00,373.8109365179279,5.926421729548817,1.0363367988831804,0,373.8109365179279,0
TRX_100496,ACC_012,2026-01-06 04:00:00,72.51870547215832,4.297539870059962,-0.8902303356125384,0,72.51870547215832,0
TRX_100497,ACC_016,2026-01-06 04:15:00,185.65985910630195,5.22928802532269,0.21179886503156625,0,185.65985910630195,0
TRX_100498,ACC_026,2026-01-06 04:30:00,60.20131224824327,4.114168631253164,-1.1071134693026654,0,60.20131224824327,0
TRX_100499,ACC_026,2026-01-06 04:45:00,179.5972579480613,5.19626945785578,0.17274601013032728,0,179.5972579480613,0
TRX_100500,ACC_048,2026-01-06 05:00:00,148.21778979207727,5.005406915193138,-0.05299749591836849,0,148.21778979207727,0
TRX_100501,ACC_021,2026-01-06 05:15:00,280.9553910009435,5.6417488704851655,0.6996387313345218,0,280.9553910009435,0
TRX_100502,ACC_039,2026-01-06 05:30:00,161.4835438649315,5.0905767281182905,0.04773747235258876,0,161.4835438649315,0
TRX_100503,ACC_036,2026-01-06 05:45:00,56.112485977348435,4.045022761362521,-1.1888960489547173,0,56.112485977348435,0
TRX_100504,ACC_033,2026-01-06 06:00:00,43.19114872351933,3.7885245139059207,-1.492270471554466,0,43.19114872351933,0
TRX_100505,ACC_030,2026-01-06 06:15:00,40.64995578046504,3.7293003069187716,-1.5623181610681902,0,40.64995578046504,0
TRX_100506,ACC_037,2026-01-06 06:30:00,168.5226383048176,5.132986477222711,0.09789778835759652,0,168.5226383048176,0
TRX_100507,ACC_023,2026-01-06 06:45:00,187.65451327476944,5.2399173701886514,0.2243707691022568,0,187.65451327476944,0
TRX_100508,ACC_010,2026-01-06 07:00:00,164.3148466992343,5.107851817485983,0.06816965976224941,0,164.3148466992343,0
TRX_100509,ACC_005,2026-01-06 07:15:00,223.3906743539426,5.4133886146474675,0.42954464123273844,0,223.3906743539426,0
TRX_100510,ACC_036,2026-01-06 07:30:00,266.5952813710412,5.589475694956011,0.6378124046408248,0,266.5952813710412,0
TRX_100511,ACC_034,2026-01-06 07:45:00,110.99771471862383,4.718478466788922,-0.39236337161231083,0,110.99771471862383,0
TRX_100512,ACC_031,2026-01-06 08:00:00,78.46495665351765,4.375316127669715,-0.7982401271869614,0,78.46495665351765,0
TRX_100513,ACC_010,2026-01-06 08:15:00,249.38563314862589,5.523002261975371,0.5591906614176595,0,249.38563314862589,0
TRX_100514,ACC_019,2026-01-06 08:30:00,262.80409221519216,5.5752067527299625,0.6209357508942173,0,262.80409221519216,0
TRX_100515,ACC_032,2026-01-06 08:45:00,109.24030124179616,4.702662539861362,-0.41106972827207827,0,109.24030124179616,0
TRX_100516,ACC_001,2026-01-06 09:00:00,212.15230635325238,5.362006963482271,0.36877276887481647,0,212.15230635325238,0
TRX_100517,ACC_005,2026-01-06 09:15:00,124.59902141661907,4.83309446273479,-0.2568008017485299,0,124.59902141661907,0
TRX_100518,ACC_045,2026-01-06 09:30:00,,,0.11025244428426656,0,,1
TRX_100519,ACC_004,2026-01-06 09:45:00,344.5169601168739,5.845041730619051,0.9400842496697072,0,344.5169601168739,0
TRX_100520,ACC_016,2026-01-06 10:00:00,501.6197578130826,6.2198339355447105,1.3833713671906456,0,501.6197578130826,0
TRX_100521,ACC_024,2026-01-06 10:15:00,132.28113151008353,4.89246066810401,-0.18658516302814224,0,132.28113151008353,0
TRX_100522,ACC_016,2026-01-06 10:30:00,243.8401801588356,5.500605671805322,0.5327009965625747,0,243.8401801588356,0
TRX_100523,ACC_002,2026-01-06 10:45:00,204.2200497656805,5.324082816933208,0.32391781888590115,0,204.2200497656805,0
TRX_100524,ACC_049,2026-01-06 11:00:00,29.903423229450976,3.4308669618922187,-1.91529150349721,0,29.903423229450976,0
TRX_100525,ACC_028,2026-01-06 11:15:00,361.877782888532,5.89406609131582,0.9980680264291205,0,361.877782888532,0
TRX_100526,ACC_032,2026-01-06 11:30:00,212.51626966812555,5.363713034299807,0.370790631586615,0,212.51626966812555,0
TRX_100527,ACC_027,2026-01-06 11:45:00,477.82839000664603,6.171342266008379,1.3260176332281102,0,477.82839000664603,0
TRX_100528,ACC_020,2026-01-06 12:00:00,107.80230970303093,4.689532563084665,-0.4265992656583037,0,107.80230970303093,0
TRX_100529,ACC_024,2026-01-06 12:15:00,161.89028742399725,5.09307689089615,0.050694550799164635,0,161.89028742399725,0
TRX_100530,ACC_012,2026-01-06 12:30:00,74.67561124363414,4.326455932095302,-0.8560297369308101,0,74.67561124363414,0
TRX_100531,ACC_050,2026-01-06 12:45:00,170.4223691484483,5.1441305060988824,0.11107843718957534,0,170.4223691484483,0
TRX_100532,ACC_035,2026-01-06 13:00:00,156.10510147566774,5.056915017526629,0.007923937111210424,0,156.10510147566774,0
TRX_100533,ACC_033,2026-01-06 13:15:00,21.223151385837397,3.1011346007003877,-2.3052838940142215,0,21.223151385837397,0
TRX_100534,ACC_033,2026-01-06 13:30:00,,,0.11025244428426656,0,,1
TRX_100535,ACC_043,2026-01-06 13:45:00,,,0.11025244428426656,0,,1
TRX_100536,ACC_037,2026-01-06 14:00:00,245.94776715484807,5.509176845256541,0.5428385894020968,0,245.94776715484807,0
TRX_100537,ACC_012,2026-01-06 14:15:00,209.51547166318042,5.349559150009029,0.3540500631155384,0,209.51547166318042,0
TRX_100538,ACC_003,2026-01-06 14:30:00,449.3656250541517,6.110059752985164,1.253535473259258,0,449.3656250541517,0
TRX_100539,ACC_001,2026-01-06 14:45:00,495.3164491641914,6.207213725635114,1.3684447587932167,0,495.3164491641914,0
TRX_100540,ACC_033,2026-01-06 15:00:00,66.39489664457531,4.2105692976120155,-0.9930951600750517,0,66.39489664457531,0
TRX_100541,ACC_040,2026-01-06 15:15:00,83.70542042007763,4.439179595124877,-0.7227053320897519,0,83.70542042007763,0
TRX_100542,ACC_010,2026-01-06 15:30:00,278.45884730372114,5.632855044916539,0.6891195202937468,0,278.45884730372114,0
TRX_100543,ACC_043,2026-01-06 15:45:00,78.28606011150346,4.373062326448319,-0.800905820426488,0,78.28606011150346,0
TRX_100544,ACC_044,2026-01-06 16:00:00,655.2646371395264,6.48656411786971,1.6988476554505252,1,655.2646371395264,0
TRX_100545,ACC_029,2026-01-06 16:15:00,233.3963988831345,5.4570136944582845,0.48114239493947253,0,233.3963988831345,0
TRX_100546,ACC_013,2026-01-06 16:30:00,377.7129455423701,5.936778518486067,1.0485863362386245,0,377.7129455423701,0
TRX_100547,ACC_012,2026-01-06 16:45:00,77.8463168568383,4.367500601561418,-0.8074839748308673,0,77.8463168568383,0
TRX_100548,ACC_031,2026-01-06 17:00:00,376.5995489131077,5.933834239654922,1.0451039775900632,0,376.5995489131077,0
TRX_100549,ACC_046,2026-01-06 17:15:00,41.339260347086814,3.7457147961891497,-1.5429038521828504,0,41.339260347086814,0
TRX_100550,ACC_002,2026-01-06 17:30:00,191.0837626557772,5.257931540724558,0.24567710799203288,0,191.0837626557772,0
TRX_100551,ACC_050,2026-01-06 17:45:00,186.12883660252854,5.2317973454155355,0.21476677433244262,0,186.12883660252854,0
TRX_100552,ACC_035,2026-01-06 18:00:00,454.9119027349189,6.122299595092925,1.2680121999775664,0,454.9119027349189,0
TRX_100553,ACC_023,2026-01-06 18:15:00,91.98016658025945,4.532386207831704,-0.6124648037711464,0,91.98016658025945,0
TRX_100554,ACC_017,2026-01-06 18:30:00,614.2487616206115,6.422026676462332,1.6225157147173195,1,614.2487616206115,0
TRX_100555,ACC_026,2026-01-06 18:45:00,289.86371619515876,5.67285482824485,0.7364294387499908,0,289.86371619515876,0
TRX_100556,ACC_008,2026-01-06 19:00:00,222.35154906819088,5.408746983382722,0.42405473157906165,0,222.35154906819088,0
TRX_100557,ACC_029,2026-01-06 19:15:00,291.42223795208906,5.678198778171446,0.7427500188687978,0,291.42223795208906,0
TRX_100558,ACC_026,2026-01-06 19:30:00,149.6646839035086,5.015056731145064,-0.041584133949473384,0,149.6646839035086,0
TRX_100559,ACC_010,2026-01-06 19:45:00,32.90317747091003,3.523508740699267,-1.8057190349408418,0,32.90317747091003,0
TRX_100560,ACC_026,2026-01-06 20:00:00,61.06221606974973,4.1281373668865635,-1.090591886214858,0,61.06221606974973,0
TRX_100561,ACC_034,2026-01-06 20:15:00,263.04646140863287,5.576125077846076,0.6220219039366734,0,263.04646140863287,0
TRX_100562,ACC_041,2026-01-06 20:30:00,84.15364983569384,4.4444572697918865,-0.7164631393237201,0,84.15364983569384,0
TRX_100563,ACC_007,2026-01-06 20:45:00,112.97280380018395,4.735959856777498,-0.3716871812421504,0,112.97280380018395,0
TRX_100564,ACC_004,2026-01-06 21:00:00,363.64184965181363,5.8989156380267795,1.0038038489850103,0,363.64184965181363,0
TRX_100565,ACC_050,2026-01-06 21:15:00,205.46746748891476,5.330142857563413,0.3310853584123864,0,205.46746748891476,0
TRX_100566,ACC_045,2026-01-06 21:30:00,440.3529986157527,6.089845005633153,1.2296263925278053,0,440.3529986157527,0
TRX_100567,ACC_011,2026-01-06 21:45:00,112.20266765382378,4.729179731337912,-0.37970640422236296,0,112.20266765382378,0
TRX_100568,ACC_029,2026-01-06 22:00:00,149.6243353367763,5.014788891533284,-0.04190092242026745,0,149.6243353367763,0
TRX_100569,ACC_036,2026-01-06 22:15:00,350.66880950182343,5.862689850593607,0.9609576406590857,0,350.66880950182343,0
TRX_100570,ACC_025,2026-01-06 22:30:00,227.82307700277377,5.432949115445621,0.4526799089947756,0,227.82307700277377,0
TRX_100571,ACC_021,2026-01-06 22:45:00,648.5333398951338,6.476254166425462,1.6866535153445212,1,648.5333398951338,0
TRX_100572,ACC_036,2026-01-06 23:00:00,62.20141102616795,4.146326627266999,-1.0690784590466476,0,62.20141102616795,0
TRX_100573,ACC_010,2026-01-06 23:15:00,66.88386326512956,4.217798351904011,-0.9845449645336671,0,66.88386326512956,0
TRX_100574,ACC_037,2026-01-06 23:30:00,197.62231057505608,5.2914050845515215,0.2852680881705261,0,197.62231057505608,0
TRX_100575,ACC_009,2026-01-06 23:45:00,228.16567933847915,5.434445232522154,0.45444944800229486,0,228.16567933847915,0
TRX_100576,ACC_024,2026-01-07 00:00:00,70.59982021436917,4.27109256299095,-0.921511003573973,0,70.59982021436917,0
TRX_100577,ACC_035,2026-01-07 00:15:00,319.03592559828155,5.768433256986879,0.849475242844658,0,319.03592559828155,0
TRX_100578,ACC_049,2026-01-07 00:30:00,249.9713423146483,5.525338758568205,0.56195416296898,0,249.9713423146483,0
TRX_100579,ACC_035,2026-01-07 00:45:00,99.15326207590152,4.606701633482538,-0.5245679094623811,0,99.15326207590152,0
TRX_100580,ACC_048,2026-01-07 01:00:00,192.3776183927454,5.264644849294101,0.2536173030273376,0,192.3776183927454,0
TRX_100581,ACC_036,2026-01-07 01:15:00,312.2635380066538,5.747044810740647,0.824177964619183,0,312.2635380066538,0
TRX_100582,ACC_018,2026-01-07 01:30:00,191.69500534284575,5.261108655742664,0.24943485465778356,0,191.69500534284575,0
TRX_100583,ACC_049,2026-01-07 01:45:00,64.33801031075569,4.179573954389342,-1.0297550376636913,0,64.33801031075569,0
TRX_100584,ACC_039,2026-01-07 02:00:00,55.464606943586226,4.033614016088556,-1.2023897922625044,0,55.464606943586226,0
TRX_100585,ACC_032,2026-01-07 02:15:00,281.26470190693817,5.642845289917471,0.7009355262073953,0,281.26470190693817,0
TRX_100586,ACC_024,2026-01-07 02:30:00,181.3962312405945,5.206181415368624,0.18446942117546922,0,181.3962312405945,0
TRX_100587,ACC_023,2026-01-07 02:45:00,118.68196031394706,4.78483789372059,-0.3138764695415615,0,118.68196031394706,0
TRX_100588,ACC_032,2026-01-07 03:00:00,99.79777874938267,4.613116319178025,-0.5169809119357931,0,99.79777874938267,0
TRX_100589,ACC_037,2026-01-07 03:15:00,95.309726934098,4.567569320287869,-0.5708518238288287,0,95.309726934098,0
TRX_100590,ACC_012,2026-01-07 03:30:00,120.82583149335544,4.8025924140159875,-0.29287723310793656,0,120.82583149335544,0
TRX_100591,ACC_049,2026-01-07 03:45:00,143.86647783136334,4.975812475642303,-0.08800044856979705,0,143.86647783136334,0
TRX_100592,ACC_013,2026-01-07 04:00:00,166.21419692216,5.119275606867498,0.08168119655395602,0,166.21419692216,0
TRX_100593,ACC_023,2026-01-07 04:15:00,70.18490453656506,4.265280781003702,-0.9283849141060724,0,70.18490453656506,0
TRX_100594,ACC_025,2026-01-07 04:30:00,68.29970227687555,4.238440610037647,-0.9601302435578198,0,68.29970227687555,0
TRX_100595,ACC_035,2026-01-07 04:45:00,158.84704792400464,5.074217407546796,0.028388414486838615,0,158.84704792400464,0
TRX_100596,ACC_041,2026-01-07 05:00:00,196.70048046447272,5.286753160444092,0.2797660046122043,0,196.70048046447272,0
TRX_100597,ACC_030,2026-01-07 05:15:00,47.39598457642607,3.8794168469839594,-1.384767167575909,0,47.39598457642607,0
TRX_100598,ACC_017,2026-01-07 05:30:00,318.618613982005,5.767128453691785,0.8479319810478214,0,318.618613982005,0
TRX_100599,ACC_049,2026-01-07 05:45:00,128.09238637088788,4.8605283214496025,-0.22435328551862854,0,128.09238637088788,0
TRX_100600,ACC_020,2026-01-07 06:00:00,265.12467027004385,5.583964884208814,0.6312944691575798,0,265.12467027004385,0
TRX_100601,ACC_048,2026-01-07 06:15:00,284.52988740332336,5.654346708041984,0.7145388787339764,0,284.52988740332336,0
TRX_100602,ACC_025,2026-01-07 06:30:00,185.16609034146592,5.226639234087737,0.20866599562813273,0,185.16609034146592,0
TRX_100603,ACC_022,2026-01-07 06:45:00,126.5226150901778,4.848293722126001,-0.2388238113110707,0,126.5226150901778,0
TRX_100604,ACC_013,2026-01-07 07:00:00,332.3946652432497,5.809326969118638,0.8978424594979881,0,332.3946652432497,0
TRX_100605,ACC_019,2026-01-07 07:15:00,242.7498082310787,5.496142323133355,0.5274219514242702,0,242.7498082310787,0
TRX_100606,ACC_049,2026-01-07 07:30:00,208.23087659998865,5.343438314990085,0.3468106187602124,0,208.23087659998865,0
TRX_100607,ACC_036,2026-01-07 07:45:00,97.40318224026333,4.589073143375361,-0.5454180831403704,0,97.40318224026333,0
TRX_100608,ACC_012,2026-01-07 08:00:00,240.44934353459377,5.486659693469691,0.5162063297681106,0,240.44934353459377,0
TRX_100609,ACC_041,2026-01-07 08:15:00,295.2123729467564,5.691076673232552,0.7579814055047801,0,295.2123729467564,0
TRX_100610,ACC_019,2026-01-07 08:30:00,78.54099333690515,4.37627252822187,-0.7971089402562074,0,78.54099333690515,0
TRX_100611,ACC_012,2026-01-07 08:45:00,373.51135144254687,5.925622113425936,1.0353910494210068,0,373.51135144254687,0
TRX_100612,ACC_009,2026-01-07 09:00:00,259.6897487444852,5.563330998127526,0.6068896502632177,0,259.6897487444852,0
TRX_100613,ACC_007,2026-01-07 09:15:00,218.73775311188277,5.392434804008309,0.4047614301700796,0,218.73775311188277,0
TRX_100614,ACC_028,2026-01-07 09:30:00,134.29572035763073,4.907462903912479,-0.16884120309379785,0,134.29572035763073,0
TRX_100615,ACC_014,2026-01-07 09:45:00,461.38840189650347,6.136405234639843,1.2846957067671034,0,461.38840189650347,0
TRX_100616,ACC_031,2026-01-07 10:00:00,86.2826951576968,4.469152220490044,-0.6872550785144528,0,86.2826951576968,0
TRX_100617,ACC_019,2026-01-07 10:15:00,184.81389849140862,5.224745627088062,0.2064263236777248,0,184.81389849140862,0
TRX_100618,ACC_047,2026-01-07 10:30:00,135.19647580949524,4.914098518266807,-0.1609929012309182,0,135.19647580949524,0
TRX_100619,ACC_016,2026-01-07 10:45:00,49.5676448810716,3.9233119425435277,-1.3328500515628725,0,49.5676448810716,0
TRX_100620,ACC_005,2026-01-07 11:00:00,79.52041454848784,4.388510749149891,-0.7826341309953189,0,79.52041454848784,0
TRX_100621,ACC_035,2026-01-07 11:15:00,280.0160017808893,5.638411613551857,0.695691576119043,0,280.0160017808893,0
TRX_100622,ACC_012,2026-01-07 11:30:00,546.9227565477206,6.306134321808008,1.485443526015797,1,546.9227565477206,0
TRX_100623,ACC_025,2026-01-07 11:45:00,290.18354469143776,5.673953806111291,0.737729259622014,0,290.18354469143776,0
TRX_100624,ACC_021,2026-01-07 12:00:00,243.19265183791586,5.497957470470043,0.5295688248655573,0,243.19265183791586,0
TRX_100625,ACC_036,2026-01-07 12:15:00,564.5681974083759,6.337830884939936,1.5229327745151349,1,564.5681974083759,0
TRX_100626,ACC_023,2026-01-07 12:30:00,72.80267806036304,4.30139501902883,-0.8856706413297764,0,72.80267806036304,0
TRX_100627,ACC_016,2026-01-07 12:45:00,94.60301687260979,4.560204376804308,-0.5795627429051199,0,94.60301687260979,0
TRX_100628,ACC_039,2026-01-07 13:00:00,210.28811621259274,5.353222681737015,0.35838312126963573,0,210.28811621259274,0
TRX_100629,ACC_045,2026-01-07 13:15:00,186.7817481294428,5.235280374241977,0.21888634189127693,0,186.7817481294428,0
TRX_100630,ACC_042,2026-01-07 13:30:00,189.95617708286014,5.252043962364641,0.23871354896907013,0,189.95617708286014,0
TRX_100631,ACC_039,2026-01-07 13:45:00,115.79567276560874,4.760426021468173,-0.3427497180826031,0,115.79567276560874,0
TRX_100632,ACC_014,2026-01-07 14:00:00,192.10653398833188,5.263242026191527,0.2519581078750391,0,192.10653398833188,0
TRX_100633,ACC_031,2026-01-07 14:15:00,33.97012043539826,3.5544939950327015,-1.769071090030019,0,33.97012043539826,0
TRX_100634,ACC_005,2026-01-07 14:30:00,437.6647206074362,6.083735386902076,1.2224002142859487,0,437.6647206074362,0
TRX_100635,ACC_035,2026-01-07 14:45:00,212.30879652898187,5.362740864800332,0.36964079386453785,0,212.30879652898187,0
TRX_100636,ACC_023,2026-01-07 15:00:00,298.97518754317457,5.703699763046272,0.7729114201213905,0,298.97518754317457,0
TRX_100637,ACC_029,2026-01-07 15:15:00,201.3313495529619,5.309906697827485,0.30715095209032384,0,201.3313495529619,0
TRX_100638,ACC_043,2026-01-07 15:30:00,312.6243221677288,5.7481958434016,0.8255393535267981,0,312.6243221677288,0
TRX_100639,ACC_011,2026-01-07 15:45:00,174.61432013894873,5.168290227642237,0.13965345337804322,0,174.61432013894873,0
TRX_100640,ACC_018,2026-01-07 16:00:00,384.1898988963179,5.953736456569544,1.0686434115815182,0,384.1898988963179,0
TRX_100641,ACC_047,2026-01-07 16:15:00,75.47607307198739,4.33697792160884,-0.8435848078721421,0,75.47607307198739,0
TRX_100642,ACC_012,2026-01-07 16:30:00,355.92663652864275,5.877530260741869,0.9785102005869439,0,355.92663652864275,0
TRX_100643,ACC_009,2026-01-07 16:45:00,355.8051212609023,5.877189753912551,0.9781074646471857,0,355.8051212609023,0
TRX_100644,ACC_010,2026-01-07 17:00:00,29.883052579644048,3.4302075732386905,-1.9160713983074729,0,29.883052579644048,0
TRX_100645,ACC_044,2026-01-07 17:15:00,89.98245887861563,4.5106667283606825,-0.6381536129892407,0,89.98245887861563,0
TRX_100646,ACC_017,2026-01-07 17:30:00,266.27280207889754,5.588269867421349,0.6363862068569791,0,266.27280207889754,0
TRX_100647,ACC_038,2026-01-07 17:45:00,191.65985501531878,5.260926224787508,0.24921908364868908,0,191.65985501531878,0
TRX_100648,ACC_007,2026-01-07 18:00:00,145.6477972951553,4.988033775161698,-0.07354565317887543,0,145.6477972951553,0
TRX_100649,ACC_046,2026-01-07 18:15:00,48.07064723381495,3.893261040025319,-1.3683928877828568,0,48.07064723381495,0
TRX_100650,ACC_013,2026-01-07 18:30:00,322.5898063356513,5.779476683871276,0.862536904231422,0,322.5898063356513,0
TRX_100651,ACC_040,2026-01-07 18:45:00,160.95409380048213,5.087312923473103,0.04387719315173521,0,160.95409380048213,0
TRX_100652,ACC_042,2026-01-07 19:00:00,167.98371674196122,5.1298023596417694,0.0941317593800641,0,167.98371674196122,0
TRX_100653,ACC_009,2026-01-07 19:15:00,191.70088197377285,5.261139152336535,0.24947092463739856,0,191.70088197377285,0
TRX_100654,ACC_050,2026-01-07 19:30:00,206.37064595881944,5.334507752311019,0.33624795674159275,0,206.37064595881944,0
TRX_100655,ACC_027,2026-01-07 19:45:00,81.71716032059938,4.415427081358001,-0.7507987215018476,0,81.71716032059938,0
TRX_100656,ACC_002,2026-01-07 20:00:00,170.70387702224596,5.145771347859601,0.11301914994949354,0,170.70387702224596,0
TRX_100657,ACC_005,2026-01-07 20:15:00,260.81780353628744,5.567648855503897,0.6119966149361296,0,260.81780353628744,0
TRX_100658,ACC_029,2026-01-07 20:30:00,81.4417429674673,4.41209189805334,-0.7547434241239857,0,81.4417429674673,0
TRX_100659,ACC_037,2026-01-07 20:45:00,401.05083071283235,5.996578525184866,1.1193150553764768,0,401.05083071283235,0
TRX_100660,ACC_038,2026-01-07 21:00:00,342.2888906286418,5.838572339405928,0.9324325489531751,0,342.2888906286418,0
TRX_100661,ACC_019,2026-01-07 21:15:00,128.91545258544906,4.866883874149388,-0.2168362278010082,0,128.91545258544906,0
TRX_100662,ACC_008,2026-01-07 21:30:00,137.45965345251471,4.930578972375988,-0.14150057214434072,0,137.45965345251471,0
TRX_100663,ACC_048,2026-01-07 21:45:00,250.31152880263025,5.526693320149176,0.5635562765957893,0,250.31152880263025,0
TRX_100664,ACC_045,2026-01-07 22:00:00,226.54719399311048,5.4273576630005955,0.44606659419117045,0,226.54719399311048,0
TRX_100665,ACC_001,2026-01-07 22:15:00,105.34908492682543,4.666726937254038,-0.4535727192276623,0,105.34908492682543,0
TRX_100666,ACC_022,2026-01-07 22:30:00,390.18974607443477,5.9691927263509665,1.0869243821806578,0,390.18974607443477,0
TRX_100667,ACC_017,2026-01-07 22:45:00,174.57611316411757,5.1680726421310235,0.1393961031642109,0,174.57611316411757,0
TRX_100668,ACC_007,2026-01-07 23:00:00,47.553820040807366,3.882672874253912,-1.3809160870995871,0,47.553820040807366,0
TRX_100669,ACC_025,2026-01-07 23:15:00,104.57761804823176,4.659446398506686,-0.4621838082335103,0,104.57761804823176,0
TRX_100670,ACC_045,2026-01-07 23:30:00,40.465144932609256,3.724853193196932,-1.5675780042483145,0,40.465144932609256,0
TRX_100671,ACC_004,2026-01-07 23:45:00,1147.9235835367176,7.046580768706452,2.3612097954592515,1,732.128172029599,1
TRX_100672,ACC_036,2026-01-08 00:00:00,40.13603788814484,3.7168845715690266,-1.5770029262867808,0,40.13603788814484,0
TRX_100673,ACC_006,2026-01-08 00:15:00,155.9862589668627,5.056158279013931,0.007028901329776406,0,155.9862589668627,0
TRX_100674,ACC_031,2026-01-08 00:30:00,94.06950007727616,4.554608203887314,-0.5861816408675659,0,94.06950007727616,0
TRX_100675,ACC_019,2026-01-08 00:45:00,24.093641091898508,3.2226144710887406,-2.1616030466712215,0,24.093641091898508,0
TRX_100676,ACC_044,2026-01-08 01:00:00,472.93711750225526,6.161074649397144,1.3138735648307776,0,472.93711750225526,0
TRX_100677,ACC_039,2026-01-08 01:15:00,82.92914232600202,4.429972899122018,-0.7335945920032773,0,82.92914232600202,0
TRX_100678,ACC_027,2026-01-08 01:30:00,282.73261238993496,5.6480322889971095,0.7070704720263802,0,282.73261238993496,0
TRX_100679,ACC_010,2026-01-08 01:45:00,62.13971182571236,4.145349919066728,-1.0702336649369175,0,62.13971182571236,0
TRX_100680,ACC_026,2026-01-08 02:00:00,275.87207640772357,5.623555581493894,0.6781205393092473,0,275.87207640772357,0
TRX_100681,ACC_019,2026-01-08 02:15:00,20.931945118566052,3.087944255193516,-2.32088483277976,0,20.931945118566052,0
TRX_100682,ACC_039,2026-01-08 02:30:00,493.5744124597442,6.203697619943465,1.3642860694275736,0,493.5744124597442,0
TRX_100683,ACC_003,2026-01-08 02:45:00,140.08291154502504,4.949347742701151,-0.1193017270576238,0,140.08291154502504,0
TRX_100684,ACC_045,2026-01-08 03:00:00,60.469876773235306,4.118547246251793,-1.1019346432866304,0,60.469876773235306,0
TRX_100685,ACC_013,2026-01-08 03:15:00,425.4775862186596,6.05555981272232,1.1890754308499685,0,425.4775862186596,0
TRX_100686,ACC_050,2026-01-08 03:30:00,106.7272593072376,4.679602656196687,-0.4383439064052905,0,106.7272593072376,0
TRX_100687,ACC_028,2026-01-08 03:45:00,42.411284897346995,3.7707194279830403,-1.5133295147048746,0,42.411284897346995,0
TRX_100688,ACC_020,2026-01-08 04:00:00,195.79769342478573,5.282176264146957,0.2743526605242412,0,195.79769342478573,0
TRX_100689,ACC_028,2026-01-08 04:15:00,117.07902204900596,4.771354078712564,-0.3298245106415068,0,117.07902204900596,0
TRX_100690,ACC_008,2026-01-08 04:30:00,178.06551212068328,5.187751728383958,0.16267162839088842,0,178.06551212068328,0
TRX_100691,ACC_041,2026-01-08 04:45:00,270.2632623370072,5.603089797067747,0.6539145433817946,0,270.2632623370072,0
TRX_100692,ACC_039,2026-01-08 05:00:00,123.8082560367983,4.826778607888251,-0.26427090665681724,0,123.8082560367983,0
TRX_100693,ACC_001,2026-01-08 05:15:00,,,0.11025244428426656,0,,1
TRX_100694,ACC_003,2026-01-08 05:30:00,282.4565065750876,5.647058695437484,0.7059189499909394,0,282.4565065750876,0
TRX_100695,ACC_013,2026-01-08 05:45:00,2.4446506886471755,1.23682250270553,-4.510307171495341,1,14.45445091828967,1
TRX_100696,ACC_028,2026-01-08 06:00:00,385.2333838064653,5.956441808015312,1.0718431778213564,0,385.2333838064653,0
TRX_100697,ACC_049,2026-01-08 06:15:00,146.00014693097137,4.990433586308654,-0.07070726606209991,0,146.00014693097137,0
TRX_100698,ACC_025,2026-01-08 06:30:00,268.30903418947446,5.595859546189418,0.6453629325726977,0,268.30903418947446,0
TRX_100699,ACC_033,2026-01-08 06:45:00,96.0634567778425,4.575364958198043,-0.5616314990381263,0,96.0634567778425,0
TRX_100700,ACC_038,2026-01-08 07:00:00,,,0.11025244428426656,0,,1
TRX_100701,ACC_006,2026-01-08 07:15:00,102.2456251466583,4.63711085948251,-0.4886012645791338,0,102.2456251466583,0
TRX_100702,ACC_044,2026-01-08 07:30:00,101.69417479283283,4.631755394710773,-0.49493546393133014,0,101.69417479283283,0
TRX_100703,ACC_045,2026-01-08 07:45:00,101.16046539042354,4.626544767219228,-0.5010983563577093,0,101.16046539042354,0
TRX_100704,ACC_032,2026-01-08 08:00:00,70.49336009168834,4.269604579537149,-0.9232709225036775,0,70.49336009168834,0
TRX_100705,ACC_045,2026-01-08 08:15:00,440.7173363850518,6.090670167062614,1.230602355812921,0,440.7173363850518,0
TRX_100706,ACC_047,2026-01-08 08:30:00,111.95532132885214,4.726992354056165,-0.38229353425712154,0,111.95532132885214,0
TRX_100707,ACC_021,2026-01-08 08:45:00,103.31566327090465,4.6474215259080225,-0.4764062788259163,0,103.31566327090465,0
TRX_100708,ACC_016,2026-01-08 09:00:00,280.5585447115108,5.640340400064515,0.6979728567921003,0,280.5585447115108,0
TRX_100709,ACC_021,2026-01-08 09:15:00,44.62497609236329,3.820455287899522,-1.454504209135418,0,44.62497609236329,0
TRX_100710,ACC_011,2026-01-08 09:30:00,113.63235190214422,4.74173006725173,-0.36486243959866094,0,113.63235190214422,0
TRX_100711,ACC_037,2026-01-08 09:45:00,125.06917651183953,4.836830776230407,-0.2523816606408456,0,125.06917651183953,0
TRX_100712,ACC_036,2026-01-08 10:00:00,65.35602936712692,4.195034628799207,-1.011468857471021,0,65.35602936712692,0
TRX_100713,ACC_035,2026-01-08 10:15:00,27.51341056227717,3.350374522647344,-2.010494287616392,0,27.51341056227717,0
TRX_100714,ACC_019,2026-01-08 10:30:00,184.4462224390728,5.222764934027799,0.20408365030875253,0,184.4462224390728,0
TRX_100715,ACC_020,2026-01-08 10:45:00,235.8767609182741,5.467540009764834,0.4935924403487209,0,235.8767609182741,0
TRX_100716,ACC_018,2026-01-08 11:00:00,148.47882824155255,5.00715476568873,-0.050930218109849885,0,148.47882824155255,0
TRX_100717,ACC_047,2026-01-08 11:15:00,434.32868619513795,6.076101346214975,1.2133710193167164,0,434.32868619513795,0
TRX_100718,ACC_041,2026-01-08 11:30:00,210.2496168302348,5.353040452414264,0.358167588742149,0,210.2496168302348,0
TRX_100719,ACC_049,2026-01-08 11:45:00,160.46996840040504,5.084319171194031,0.04033631956653145,0,160.46996840040504,0
TRX_100720,ACC_014,2026-01-08 12:00:00,231.54984315902362,5.449104581230075,0.47178785672068757,0,231.54984315902362,0
TRX_100721,ACC_015,2026-01-08 12:15:00,118.34032899646868,4.781979318889773,-0.3172574614093681,0,118.34032899646868,0
TRX_100722,ACC_031,2026-01-08 12:30:00,320.30275102440316,5.772383828252612,0.8541477982658553,0,320.30275102440316,0
TRX_100723,ACC_001,2026-01-08 12:45:00,123.50541366945875,4.824349198248217,-0.26714430152057095,0,123.50541366945875,0
TRX_100724,ACC_003,2026-01-08 13:00:00,114.08200776080358,4.745644985183951,-0.36023205331341407,0,114.08200776080358,0
TRX_100725,ACC_016,2026-01-08 13:15:00,210.2326787344799,5.35296026871927,0.3580727511266412,0,210.2326787344799,0
TRX_100726,ACC_023,2026-01-08 13:30:00,115.18474986248457,4.75518159537891,-0.34895258594807016,0,115.18474986248457,0
TRX_100727,ACC_011,2026-01-08 13:45:00,22.695157293689093,3.165270693662515,-2.2294266499077824,0,22.695157293689093,0
TRX_100728,ACC_012,2026-01-08 14:00:00,238.7863037716675,5.479748125748214,0.5080316428548334,0,238.7863037716675,0
TRX_100729,ACC_010,2026-01-08 14:15:00,291.64847808679156,5.678972155268528,0.7436647340085917,0,291.64847808679156,0
TRX_100730,ACC_032,2026-01-08 14:30:00,139.81833555466926,4.947470659355385,-0.12152185558419204,0,139.81833555466926,0
TRX_100731,ACC_016,2026-01-08 14:45:00,201.95684000102892,5.31299334560453,0.31080169823153586,0,201.95684000102892,0
TRX_100732,ACC_008,2026-01-08 15:00:00,128.32269427619772,4.862310786820514,-0.22224506681512274,0,128.32269427619772,0
TRX_100733,ACC_038,2026-01-08 15:15:00,184.25652533509484,5.2217414880367725,0.20287316509230996,0,184.25652533509484,0
TRX_100734,ACC_012,2026-01-08 15:30:00,75.47246305282493,4.336930715937513,-0.8436406405861057,0,75.47246305282493,0
TRX_100735,ACC_024,2026-01-08 15:45:00,671.4965528882431,6.510996985646118,1.7277457365392779,1,671.4965528882431,0
TRX_100736,ACC_028,2026-01-08 16:00:00,559.9122878824711,6.329564543713213,1.5131557233206856,1,559.9122878824711,0
TRX_100737,ACC_008,2026-01-08 16:15:00,65.44031751708529,4.1963040637385705,-1.0099674277514186,0,65.44031751708529,0
TRX_100738,ACC_028,2026-01-08 16:30:00,160.5204278046729,5.084631622618415,0.040705872853553655,0,160.5204278046729,0
TRX_100739,ACC_036,2026-01-08 16:45:00,192.0159264044908,5.262772705730801,0.2514030170500573,0,192.0159264044908,0
TRX_100740,ACC_026,2026-01-08 17:00:00,198.1471242079511,5.294043869191737,0.28838912223032337,0,198.1471242079511,0
TRX_100741,ACC_008,2026-01-08 17:15:00,325.3679375101067,5.788025387597439,0.8726479209054826,0,325.3679375101067,0
TRX_100742,ACC_050,2026-01-08 17:30:00,104.23217003001457,4.656169052321094,-0.46606010375042867,0,104.23217003001457,0
TRX_100743,ACC_028,2026-01-08 17:45:00,227.95303207648595,5.433516882415656,0.4533514378586709,0,227.95303207648595,0
TRX_100744,ACC_028,2026-01-08 18:00:00,144.11776418570338,4.977545579589538,-0.08595061230576227,0,144.11776418570338,0
TRX_100745,ACC_037,2026-01-08 18:15:00,46.32171025739921,3.8569691808365927,-1.4113172427662728,0,46.32171025739921,0
TRX_100746,ACC_041,2026-01-08 18:30:00,271.1372973815513,5.606306708727699,0.6577193596995259,0,271.1372973815513,0
TRX_100747,ACC_036,2026-01-08 18:45:00,159.71515160549845,5.079633553336239,0.034794384577789675,0,159.71515160549845,0
TRX_100748,ACC_027,2026-01-08 19:00:00,137.57462340018685,4.931408977641608,-0.1405188797908493,0,137.57462340018685,0
TRX_100749,ACC_017,2026-01-08 19:15:00,152.59150678165258,5.034296524794498,-0.01882818396847814,0,152.59150678165258,0
TRX_100750,ACC_009,2026-01-08 19:30:00,274.88561292924936,5.619986333902191,0.6738989961291854,0,274.88561292924936,0
TRX_100751,ACC_033,2026-01-08 19:45:00,89.19512187881305,4.501975344439987,-0.6484333852866323,0,89.19512187881305,0
TRX_100752,ACC_020,2026-01-08 20:00:00,50.12867490944397,3.93434549264898,-1.3198000719795489,0,50.12867490944397,0
TRX_100753,ACC_013,2026-01-08 20:15:00,109.08278708007056,4.701232692542487,-0.41276088643425146,0,109.08278708007056,0
TRX_100754,ACC_028,2026-01-08 20:30:00,195.52527415077796,5.280791044670721,0.27271428613788906,0,195.52527415077796,0
TRX_100755,ACC_048,2026-01-08 20:45:00,104.415482246112,4.657909515700496,-0.46400156308585266,0,104.415482246112,0
TRX_100756,ACC_029,2026-01-08 21:00:00,214.53563865211586,5.373126272446548,0.3819241801230222,0,214.53563865211586,0
TRX_100757,ACC_013,2026-01-08 21:15:00,227.69123409272493,5.432372771010043,0.4519982350960427,0,227.69123409272493,0
TRX_100758,ACC_046,2026-01-08 21:30:00,145.8941147600381,4.989712019477619,-0.07156070238341203,0,145.8941147600381,0
TRX_100759,ACC_035,2026-01-08 21:45:00,224.59649156865856,5.418747967945612,0.435883439756529,0,224.59649156865856,0
TRX_100760,ACC_006,2026-01-08 22:00:00,161.26068260726365,5.089204193831383,0.04611410142932536,0,161.26068260726365,0
TRX_100761,ACC_018,2026-01-08 22:15:00,172.39530951841058,5.155574013913745,0.1246132960444576,0,172.39530951841058,0
TRX_100762,ACC_005,2026-01-08 22:30:00,220.4876404045536,5.400366788400364,0.4141430193578062,0,220.4876404045536,0
TRX_100763,ACC_047,2026-01-08 22:45:00,179.40530963828525,5.195206039780123,0.17148824775618407,0,179.40530963828525,0
TRX_100764,ACC_025,2026-01-08 23:00:00,41.11920418432079,3.740503793077803,-1.549067188875191,0,41.11920418432079,0
TRX_100765,ACC_002,2026-01-08 23:15:00,498.0737666759184,6.212753913835744,1.374997440587834,0,498.0737666759184,0
TRX_100766,ACC_010,2026-01-08 23:30:00,182.53974423346003,5.2124312338705545,0.19186142130871472,0,182.53974423346003,0
TRX_100767,ACC_030,2026-01-08 23:45:00,81.84525229679905,4.416974437424301,-0.7489685793553627,0,81.84525229679905,0
TRX_100768,ACC_050,2026-01-09 00:00:00,229.47638974585715,5.440148426586674,0.461194925694461,0,229.47638974585715,0
TRX_100769,ACC_045,2026-01-09 00:15:00,514.336234964802,6.2448195710548715,1.4129232367310618,0,514.336234964802,0
TRX_100770,ACC_005,2026-01-09 00:30:00,98.03838923769615,4.595507545048942,-0.5378077664545701,0,98.03838923769615,0
TRX_100771,ACC_033,2026-01-09 00:45:00,594.8575746395508,6.390001669782189,1.584637998176642,1,594.8575746395508,0
TRX_100772,ACC_001,2026-01-09 01:00:00,287.33910919432935,5.664137249950982,0.7261186849433094,0,287.33910919432935,0
TRX_100773,ACC_018,2026-01-09 01:15:00,31.300386508995338,3.4750791963797822,-1.8629992900317798,0,31.300386508995338,0
TRX_100774,ACC_032,2026-01-09 01:30:00,622.6386678874265,6.435571142777955,1.6385354914162582,1,622.6386678874265,0
TRX_100775,ACC_047,2026-01-09 01:45:00,31.608971970845978,3.484587464337914,-1.8517533445708463,0,31.608971970845978,0
TRX_100776,ACC_049,2026-01-09 02:00:00,189.5124871820623,5.249717741930619,0.23596220158947204,0,189.5124871820623,0
TRX_100777,ACC_011,2026-01-09 02:15:00,149.97233639666342,5.017096617360162,-0.03917144961805647,0,149.97233639666342,0
TRX_100778,ACC_021,2026-01-09 02:30:00,67.53706445056218,4.227374685802984,-0.9732185137838818,0,67.53706445056218,0
TRX_100779,ACC_026,2026-01-09 02:45:00,256.3556140229353,5.550458840599257,0.5916650497192609,0,256.3556140229353,0
TRX_100780,ACC_025,2026-01-09 03:00:00,397.1262228192892,5.986769097767335,1.1077129122494327,0,397.1262228192892,0
TRX_100781,ACC_022,2026-01-09 03:15:00,44.318367230070166,3.813712407930703,-1.4624793798723872,0,44.318367230070166,0
TRX_100782,ACC_027,2026-01-09 03:30:00,455.20923260709213,6.122951547714532,1.2687832997885926,0,455.20923260709213,0
TRX_100783,ACC_049,2026-01-09 03:45:00,284.90816950585526,5.6556706736169575,0.7161048048010448,0,284.90816950585526,0
TRX_100784,ACC_013,2026-01-09 04:00:00,434.9150112538421,6.077447296031165,1.2149629473411132,0,434.9150112538421,0
TRX_100785,ACC_033,2026-01-09 04:15:00,163.45885953849313,5.102660444935786,0.062029541201857934,0,163.45885953849313,0
TRX_100786,ACC_034,2026-01-09 04:30:00,613.0889937877678,6.42013985866663,1.6202840727275671,1,613.0889937877678,0
TRX_100787,ACC_041,2026-01-09 04:45:00,216.1102717330184,5.380405389136807,0.39053358718463227,0,216.1102717330184,0
TRX_100788,ACC_035,2026-01-09 05:00:00,208.15280902011088,5.3430651284464075,0.34636923074554693,0,208.15280902011088,0
TRX_100789,ACC_001,2026-01-09 05:15:00,203.1030631635838,5.318625077854005,0.3174626541498012,0,203.1030631635838,0
TRX_100790,ACC_021,2026-01-09 05:30:00,37.16390002169149,3.641890043184132,-1.6657030323206727,0,37.16390002169149,0
TRX_100791,ACC_048,2026-01-09 05:45:00,254.5375108972718,5.543369212555636,0.5832797611821756,0,254.5375108972718,0
TRX_100792,ACC_006,2026-01-09 06:00:00,59.30703043872736,4.099448687960606,-1.1245235465307233,0,59.30703043872736,0
TRX_100793,ACC_028,2026-01-09 06:15:00,69.95947527383612,4.262108943298618,-0.9321364190067941,0,69.95947527383612,0
TRX_100794,ACC_017,2026-01-09 06:30:00,22.797828092560444,3.1695943198981835,-2.2243128620913373,0,22.797828092560444,0
TRX_100795,ACC_005,2026-01-09 06:45:00,28.68068724646132,3.3904965732353247,-1.9630397570246922,0,28.68068724646132,0
TRX_100796,ACC_031,2026-01-09 07:00:00,391.3997168441002,5.972281006090795,1.0905770585329808,0,391.3997168441002,0
TRX_100797,ACC_005,2026-01-09 07:15:00,149.95336671353502,5.01697095940552,-0.03932007211280045,0,149.95336671353502,0
TRX_100798,ACC_038,2026-01-09 07:30:00,213.04680722492893,5.366194716455085,0.37372585199610653,0,213.04680722492893,0
TRX_100799,ACC_003,2026-01-09 07:45:00,327.40491018932977,5.794247329321945,0.8800069496584598,0,327.40491018932977,0
TRX_100800,ACC_023,2026-01-09 08:00:00,87.14320130883031,4.478962779480721,-0.6756515970143271,0,87.14320130883031,0
TRX_100801,ACC_037,2026-01-09 08:15:00,100.92004167645734,4.624188600737205,-0.5038851225563885,0,100.92004167645734,0
TRX_100802,ACC_037,2026-01-09 08:30:00,347.3790995997757,5.853291253511203,0.9498414089054773,0,347.3790995997757,0
TRX_100803,ACC_010,2026-01-09 08:45:00,118.07180860332625,4.779726744760056,-0.3199217033008513,0,118.07180860332625,0
TRX_100804,ACC_010,2026-01-09 09:00:00,411.7288800212879,6.022790912554147,1.150317871036892,0,411.7288800212879,0
TRX_100805,ACC_019,2026-01-09 09:15:00,166.38713517908337,5.120309304320144,0.0829038067314095,0,166.38713517908337,0
TRX_100806,ACC_017,2026-01-09 09:30:00,390.7317633120269,5.970577328300681,1.0885620261848192,0,390.7317633120269,0
TRX_100807,ACC_021,2026-01-09 09:45:00,120.54698976445648,4.80030093504581,-0.2955874898694171,0,120.54698976445648,0
TRX_100808,ACC_014,2026-01-09 10:00:00,419.805125015439,6.042169840568533,1.1732383827957935,0,419.805125015439,0
TRX_100809,ACC_009,2026-01-09 10:15:00,49.35307774392685,3.919059744286003,-1.3378793576261605,0,49.35307774392685,0
TRX_100810,ACC_046,2026-01-09 10:30:00,228.10860475399184,5.434196147697787,0.45415484183823795,0,228.10860475399184,0
TRX_100811,ACC_001,2026-01-09 10:45:00,112.73974734324628,4.733912920522628,-0.37410820403890366,0,112.73974734324628,0
TRX_100812,ACC_045,2026-01-09 11:00:00,162.7511447422167,5.098347865283089,0.056928818779675455,0,162.7511447422167,0
TRX_100813,ACC_013,2026-01-09 11:15:00,281.1203341627213,5.642333696809436,0.7003304372241561,0,281.1203341627213,0
TRX_100814,ACC_004,2026-01-09 11:30:00,147.01653462754768,4.997323987980253,-0.06255761338677228,0,147.01653462754768,0
TRX_100815,ACC_001,2026-01-09 11:45:00,303.411146384079,5.718379242873231,0.7902736390087614,0,303.411146384079,0
TRX_100816,ACC_049,2026-01-09 12:00:00,323.4162028349254,5.782027268080643,0.8655536188463622,0,323.4162028349254,0
TRX_100817,ACC_040,2026-01-09 12:15:00,153.58245214092756,5.04072762480124,-0.01122177234355428,0,153.58245214092756,0
TRX_100818,ACC_032,2026-01-09 12:30:00,288.9601073932755,5.669743352805334,0.7327493275825407,0,288.9601073932755,0
TRX_100819,ACC_034,2026-01-09 12:45:00,134.01789676633726,4.9054073382915195,-0.1712724323109875,0,134.01789676633726,0
TRX_100820,ACC_028,2026-01-09 13:00:00,187.56155808177274,5.239424521649384,0.22378785033960616,0,187.56155808177274,0
TRX_100821,ACC_031,2026-01-09 13:15:00,259.45914366389985,5.562446010750615,0.6058429275774267,0,259.45914366389985,0
TRX_100822,ACC_008,2026-01-09 13:30:00,103.83252516881552,4.652364078401165,-0.4705604532748868,0,103.83252516881552,0
TRX_100823,ACC_039,2026-01-09 13:45:00,,,0.11025244428426656,0,,1
TRX_100824,ACC_026,2026-01-09 14:00:00,84.84320694853142,4.452522457230035,-0.7069240036513755,0,84.84320694853142,0
TRX_100825,ACC_034,2026-01-09 14:15:00,112.58783751341713,4.732576436412821,-0.3756889364577283,0,112.58783751341713,0
TRX_100826,ACC_003,2026-01-09 14:30:00,338.7829486804872,5.828307027521091,0.9202912064810561,0,338.7829486804872,0
TRX_100827,ACC_050,2026-01-09 14:45:00,128.21448708852537,4.861473714230649,-0.22323511807723698,0,128.21448708852537,0
TRX_100828,ACC_012,2026-01-09 15:00:00,293.29829835359664,5.684593873209788,0.7503138454600722,0,293.29829835359664,0
TRX_100829,ACC_001,2026-01-09 15:15:00,10.711337407529996,2.4605573818079756,-3.062929397790694,0,10.711337407529996,0
TRX_100830,ACC_044,2026-01-09 15:30:00,63.470327622710556,4.166205081095107,-1.0455671309495682,0,63.470327622710556,0
TRX_100831,ACC_005,2026-01-09 15:45:00,118.45104515115159,4.782906623429242,-0.31616068791471424,0,118.45104515115159,0
TRX_100832,ACC_030,2026-01-09 16:00:00,435.5591202106625,6.0789238075989225,1.2167092978474885,0,435.5591202106625,0
TRX_100833,ACC_030,2026-01-09 16:15:00,188.33489322432803,5.24351736887999,0.22862868327973895,0,188.33489322432803,0
TRX_100834,ACC_017,2026-01-09 16:30:00,68.86845945524946,4.246614323591491,-0.9504627481480796,0,68.86845945524946,0
TRX_100835,ACC_048,2026-01-09 16:45:00,26.201393271271183,3.303268195198587,-2.066209502173479,0,26.201393271271183,0
TRX_100836,ACC_047,2026-01-09 17:00:00,210.5095392215976,5.354270100171825,0.35962195999867863,0,210.5095392215976,0
TRX_100837,ACC_023,2026-01-09 17:15:00,76.80695441274864,4.354230815528118,-0.8231788722260464,0,76.80695441274864,0
TRX_100838,ACC_015,2026-01-09 17:30:00,94.3247396727331,4.557289374795583,-0.583010474264079,0,94.3247396727331,0
TRX_100839,ACC_037,2026-01-09 17:45:00,66.59242093887268,4.213495860474552,-0.989633755065748,0,66.59242093887268,0
TRX_100840,ACC_021,2026-01-09 18:00:00,77.94560586498149,4.368759081964404,-0.8059955016370162,0,77.94560586498149,0
TRX_100841,ACC_014,2026-01-09 18:15:00,53.22060003120297,3.9930609106120696,-1.250354154906493,0,53.22060003120297,0
TRX_100842,ACC_002,2026-01-09 18:30:00,161.68178670737424,5.091796063935278,0.04917964711636112,0,161.68178670737424,0
TRX_100843,ACC_011,2026-01-09 18:45:00,197.0635948039918,5.288588165004139,0.2819363642711584,0,197.0635948039918,0
TRX_100844,ACC_039,2026-01-09 19:00:00,79.49671985022796,4.388216436392191,-0.7829822306950881,0,79.49671985022796,0
TRX_100845,ACC_038,2026-01-09 19:15:00,501.887771206252,6.22036702633077,1.3840018826464728,0,501.887771206252,0
TRX_100846,ACC_034,2026-01-09 19:30:00,12245.58683037043,9.413002551057202,5.160105495398091,1,732.128172029599,1
TRX_100847,ACC_038,2026-01-09 19:45:00,20.132903962992376,3.0508312553601105,-2.3647803954475286,0,20.132903962992376,0
TRX_100848,ACC_050,2026-01-09 20:00:00,184.4541614547192,5.222807743450449,0.2041342833403898,0,184.4541614547192,0
TRX_100849,ACC_034,2026-01-09 20:15:00,208.68693067770835,5.345615612063457,0.34938582638448407,0,208.68693067770835,0
TRX_100850,ACC_018,2026-01-09 20:30:00,216.7673211095745,5.383427158422394,0.3941075980066736,0,216.7673211095745,0
TRX_100851,ACC_030,2026-01-09 20:45:00,160.93015766320005,5.087165116735249,0.04370237408689726,0,160.93015766320005,0
TRX_100852,ACC_015,2026-01-09 21:00:00,283.2841759137674,5.6499743572899765,0.7093674617829964,0,283.2841759137674,0
TRX_100853,ACC_027,2026-01-09 21:15:00,354.7017508227221,5.874092601131562,0.9744442936666725,0,354.7017508227221,0
TRX_100854,ACC_034,2026-01-09 21:30:00,246.10246497393314,5.50980308855765,0.543579281402002,0,246.10246497393314,0
TRX_100855,ACC_038,2026-01-09 21:45:00,405.09611861445893,6.006589876937784,1.1311560253932345,0,405.09611861445893,0
TRX_100856,ACC_033,2026-01-09 22:00:00,319.336474032893,5.769371924727251,0.8505854562148158,0,319.336474032893,0
TRX_100857,ACC_024,2026-01-09 22:15:00,139.46311976424425,4.944944961535361,-0.12450913571342945,0,139.46311976424425,0
TRX_100858,ACC_015,2026-01-09 22:30:00,216.02900707170147,5.3800310177484825,0.39009079778978467,0,216.02900707170147,0
TRX_100859,ACC_030,2026-01-09 22:45:00,252.81019267611268,5.536586714742257,0.575257732266496,0,252.81019267611268,0
TRX_100860,ACC_042,2026-01-09 23:00:00,345.2446685227407,5.8471456596147435,0.9425726808796209,0,345.2446685227407,0
TRX_100861,ACC_017,2026-01-09 23:15:00,154.16312034286125,5.044476952854609,-0.006787238210838902,0,154.16312034286125,0
TRX_100862,ACC_005,2026-01-09 23:30:00,203.461484318743,5.320379617004869,0.3195378429945601,0,203.461484318743,0
TRX_100863,ACC_029,2026-01-09 23:45:00,25.234233251993643,3.2670651705630656,-2.1090287877010505,0,25.234233251993643,0
TRX_100864,ACC_004,2026-01-10 00:00:00,118.62601924174963,4.784370370044027,-0.31442943521222566,0,118.62601924174963,0
TRX_100865,ACC_010,2026-01-10 00:15:00,6.953429076527429,2.073603166050841,-3.520601186747935,1,14.45445091828967,1
TRX_100866,ACC_017,2026-01-10 00:30:00,75.6106589883137,4.338736218349372,-0.8415051747217899,0,75.6106589883137,0
TRX_100867,ACC_010,2026-01-10 00:45:00,94.00175071178629,4.553895319975856,-0.5870248074278199,0,94.00175071178629,0
TRX_100868,ACC_017,2026-01-10 01:00:00,251.93385643444262,5.533128017528892,0.5711669430293117,0,251.93385643444262,0
TRX_100869,ACC_020,2026-01-10 01:15:00,87.48392188085013,4.482820861846514,-0.6710884332435381,0,87.48392188085013,0
TRX_100870,ACC_024,2026-01-10 01:30:00,161.98666242310895,5.093668371833765,0.05139412746180087,0,161.98666242310895,0
TRX_100871,ACC_005,2026-01-10 01:45:00,216.97651925097,5.38438734713003,0.39524326539486987,0,216.97651925097,0
TRX_100872,ACC_034,2026-01-10 02:00:00,158.1648839470307,5.06994067085716,0.023330085485783282,0,158.1648839470307,0
TRX_100873,ACC_006,2026-01-10 02:15:00,103.2497073724639,4.6467890536962075,-0.47715433809716806,0,103.2497073724639,0
TRX_100874,ACC_002,2026-01-10 02:30:00,456.54857222145716,6.125883047870139,1.2722505444028422,0,456.54857222145716,0
TRX_100875,ACC_013,2026-01-10 02:45:00,294.84769419756185,5.689844775269657,0.7565243728080625,0,294.84769419756185,0
TRX_100876,ACC_043,2026-01-10 03:00:00,150.385325862158,5.019828413334799,-0.03594040599618501,0,150.385325862158,0
TRX_100877,ACC_043,2026-01-10 03:15:00,120.66461062598586,4.801268165807093,-0.2944434934615093,0,120.66461062598586,0
TRX_100878,ACC_048,2026-01-10 03:30:00,210.84126703500266,5.355837253824991,0.3614755178275088,0,210.84126703500266,0
TRX_100879,ACC_011,2026-01-10 03:45:00,209.31877392014653,5.3486243508123295,0.3529444252823071,0,209.31877392014653,0
TRX_100880,ACC_047,2026-01-10 04:00:00,180.4484432363206,5.200971554048401,0.17830743494156784,0,180.4484432363206,0
TRX_100881,ACC_023,2026-01-10 04:15:00,102.53101902603493,4.639871268538767,-0.48533637870999075,0,102.53101902603493,0
TRX_100882,ACC_016,2026-01-10 04:30:00,14.28220759708361,2.7266892495516135,-2.7481607687154423,0,14.28220759708361,0
TRX_100883,ACC_031,2026-01-10 04:45:00,209.1695925616535,5.347914788424193,0.3521051872682701,0,209.1695925616535,0
TRX_100884,ACC_011,2026-01-10 05:00:00,83.17189140143539,4.432861034177324,-0.7301786376508336,0,83.17189140143539,0
TRX_100885,ACC_016,2026-01-10 05:15:00,446.59576916385834,6.103890524122897,1.246238790874352,0,446.59576916385834,0
TRX_100886,ACC_008,2026-01-10 05:30:00,61.22322465749931,4.1307283168301545,-1.0875274288514418,0,61.22322465749931,0
TRX_100887,ACC_004,2026-01-10 05:45:00,125.24743322906377,4.838243737089893,-0.2507104750122761,0,125.24743322906377,0
TRX_100888,ACC_040,2026-01-10 06:00:00,437.34599804712053,6.083008548409529,1.221540542883956,0,437.34599804712053,0
TRX_100889,ACC_004,2026-01-10 06:15:00,124.59553972909518,4.833066741692517,-0.25683358893236796,0,124.59553972909518,0
TRX_100890,ACC_025,2026-01-10 06:30:00,83.81156332946094,4.4404318935189035,-0.7212241706940009,0,83.81156332946094,0
TRX_100891,ACC_003,2026-01-10 06:45:00,344.5527331718283,5.845145260133755,0.9402066996554551,0,344.5527331718283,0
TRX_100892,ACC_032,2026-01-10 07:00:00,413.32828229094633,6.026658611998252,1.1548924094490638,0,413.32828229094633,0
TRX_100893,ACC_003,2026-01-10 07:15:00,27.042277706048996,3.333713289468254,-2.0302004339375723,0,27.042277706048996,0
TRX_100894,ACC_027,2026-01-10 07:30:00,320.368688391161,5.772589026003579,0.8543904968021441,0,320.368688391161,0
TRX_100895,ACC_029,2026-01-10 07:45:00,304.25822254210476,5.72115804970289,0.7935602849247592,0,304.25822254210476,0
TRX_100896,ACC_032,2026-01-10 08:00:00,146.16863117722332,4.991579080169414,-0.06935242819460809,0,146.16863117722332,0
TRX_100897,ACC_050,2026-01-10 08:15:00,62.38805819082256,4.149275487090215,-1.065590682209705,0,62.38805819082256,0
TRX_100898,ACC_019,2026-01-10 08:30:00,457.8298930754111,6.128679538048618,1.2755581053769012,0,457.8298930754111,0
TRX_100899,ACC_021,2026-01-10 08:45:00,14.25965425741104,2.7252123688113747,-2.7499075558621824,0,14.25965425741104,0
TRX_100900,ACC_005,2026-01-10 09:00:00,82.19849924815705,4.421229309781751,-0.7439361104887074,0,82.19849924815705,0
TRX_100901,ACC_018,2026-01-10 09:15:00,280.51671306885413,5.640191817287503,0.6977971198635592,0,280.51671306885413,0
TRX_100902,ACC_028,2026-01-10 09:30:00,26.87587390335691,3.3277615800819302,-2.0372398442121518,0,26.87587390335691,0
TRX_100903,ACC_042,2026-01-10 09:45:00,131.53658940393947,4.886858753749691,-0.19321085170066343,0,131.53658940393947,0
TRX_100904,ACC_022,2026-01-10 10:00:00,147.26717956456747,4.9990159135556755,-0.06055648102187205,0,147.26717956456747,0
TRX_100905,ACC_021,2026-01-10 10:15:00,399.05051055373536,5.991590815520129,1.1134158199834916,0,399.05051055373536,0
TRX_100906,ACC_006,2026-01-10 10:30:00,281.4890136541948,5.6436396601106065,0.7018750710232474,0,281.4890136541948,0
TRX_100907,ACC_001,2026-01-10 10:45:00,295.82996795018073,5.6931594763786295,0.7604448500237805,0,295.82996795018073,0
TRX_100908,ACC_005,2026-01-10 11:00:00,29.437790163702214,3.415684933896415,-1.9332481134264823,0,29.437790163702214,0
TRX_100909,ACC_041,2026-01-10 11:15:00,135.37206741850372,4.9153869401163695,-0.15946901466034055,0,135.37206741850372,0
TRX_100910,ACC_012,2026-01-10 11:30:00,231.0560413283402,5.446978899945749,0.46927369789637563,0,231.0560413283402,0
TRX_100911,ACC_026,2026-01-10 11:45:00,355.216983603009,5.875540049682437,0.9761562697628783,0,355.216983603009,0
TRX_100912,ACC_046,2026-01-10 12:00:00,45.64667749130355,3.842601702705571,-1.4283104402849056,0,45.64667749130355,0
TRX_100913,ACC_034,2026-01-10 12:15:00,128.39571419656514,4.8628752609353425,-0.22157743259010743,0,128.39571419656514,0
TRX_100914,ACC_049,2026-01-10 12:30:00,551.0314910924963,6.313605093730468,1.49427961414047,1,551.0314910924963,0
TRX_100915,ACC_014,2026-01-10 12:45:00,89.65795040190241,4.507093637733461,-0.6423797015363498,0,89.65795040190241,0
TRX_100916,ACC_026,2026-01-10 13:00:00,255.3682628783906,5.546614937659707,0.5871186567267994,0,255.3682628783906,0
TRX_100917,ACC_045,2026-01-10 13:15:00,310.9699466070299,5.742906858192465,0.8192837831676618,0,310.9699466070299,0
TRX_100918,ACC_027,2026-01-10 13:30:00,257.17090142765187,5.553621774260164,0.5954060233228387,0,257.17090142765187,0
TRX_100919,ACC_009,2026-01-10 13:45:00,340.5954312019807,5.833627087123511,0.9265835302145877,0,340.5954312019807,0
TRX_100920,ACC_026,2026-01-10 14:00:00,27.13399959853905,3.336978795065903,-2.026338142927765,0,27.13399959853905,0
TRX_100921,ACC_047,2026-01-10 14:15:00,263.42425896415847,5.577554854767752,0.6237129788362529,0,263.42425896415847,0
TRX_100922,ACC_022,2026-01-10 14:30:00,143.22602227200022,4.97138166815389,-0.09324100548110863,0,143.22602227200022,0
TRX_100923,ACC_047,2026-01-10 14:45:00,161.95072860207992,5.0934478765965565,0.05113333575683859,0,161.95072860207992,0
TRX_100924,ACC_030,2026-01-10 15:00:00,199.55034178094692,5.3010652964327445,0.2966937459702081,0,199.55034178094692,0
TRX_100925,ACC_043,2026-01-10 15:15:00,237.3106024282499,5.473574875050544,0.5007302036265359,0,237.3106024282499,0
TRX_100926,ACC_048,2026-01-10 15:30:00,141.62120170009987,4.960192176452333,-0.1064754256683998,0,141.62120170009987,0
TRX_100927,ACC_017,2026-01-10 15:45:00,167.2888345611999,5.12568175651947,0.08925809803779029,0,167.2888345611999,0
TRX_100928,ACC_026,2026-01-10 16:00:00,31.414666166008743,3.478610979823618,-1.8588220577362558,0,31.414666166008743,0
TRX_100929,ACC_036,2026-01-10 16:15:00,39.55761852396541,3.7027236426667693,-1.5937518268028568,0,39.55761852396541,0
TRX_100930,ACC_001,2026-01-10 16:30:00,308.868143079535,5.736146862089663,0.8112883682484584,0,308.868143079535,0
TRX_100931,ACC_008,2026-01-10 16:45:00,367.8942811621809,5.910510102075801,1.0175172519852411,0,367.8942811621809,0
TRX_100932,ACC_049,2026-01-10 17:00:00,343.2512148410118,5.841371666552463,0.9357434653635935,0,343.2512148410118,0
TRX_100933,ACC_035,2026-01-10 17:15:00,193.68620754064793,5.27138907032422,0.2615940599104177,0,193.68620754064793,0
TRX_100934,ACC_015,2026-01-10 17:30:00,449.2222603688144,6.109741372760714,1.253158907658061,0,449.2222603688144,0
TRX_100935,ACC_047,2026-01-10 17:45:00,409.0261828267428,6.016221018212386,1.1425472998059514,0,409.0261828267428,0
TRX_100936,ACC_022,2026-01-10 18:00:00,361.5954627904836,5.893287785254277,0.9971474815350793,0,361.5954627904836,0
TRX_100937,ACC_014,2026-01-10 18:15:00,164.29066482220352,5.107705529077405,0.06799663650799555,0,164.29066482220352,0
TRX_100938,ACC_026,2026-01-10 18:30:00,266.2442788974294,5.588163142369858,0.6362599773361376,0,266.2442788974294,0
TRX_100939,ACC_028,2026-01-10 18:45:00,167.4209092145628,5.126466258082481,0.09018597068825485,0,167.4209092145628,0
TRX_100940,ACC_023,2026-01-10 19:00:00,194.1363399948579,5.27369849371247,0.26432554051075596,0,194.1363399948579,0
TRX_100941,ACC_014,2026-01-10 19:15:00,265.87330561957,5.586774034996251,0.6346170045221878,0,265.87330561957,0
TRX_100942,ACC_024,2026-01-10 19:30:00,472.4761038315053,6.160101444259713,1.3127225022033833,0,472.4761038315053,0
TRX_100943,ACC_002,2026-01-10 19:45:00,216.8212692465514,5.3836748606737705,0.394400568926488,0,216.8212692465514,0
TRX_100944,ACC_045,2026-01-10 20:00:00,47.69087995535735,3.885491742640818,-1.3775820582017597,0,47.69087995535735,0
TRX_100945,ACC_026,2026-01-10 20:15:00,654.1527604093334,6.484868430442211,1.6968420737386496,1,654.1527604093334,0
TRX_100946,ACC_014,2026-01-10 20:30:00,144.59185828004513,4.98080721579281,-0.08209289783905671,0,144.59185828004513,0
TRX_100947,ACC_007,2026-01-10 20:45:00,50.71303574347296,3.9457098917720175,-1.306358779275481,0,50.71303574347296,0
TRX_100948,ACC_003,2026-01-10 21:00:00,200.0829592905538,5.303717555697152,0.29983071720062804,0,200.0829592905538,0
TRX_100949,ACC_047,2026-01-10 21:15:00,277.55000860257127,5.629597607350225,0.6852667717832426,0,277.55000860257127,0
TRX_100950,ACC_023,2026-01-10 21:30:00,371.0486711661258,5.919024682182883,1.0275879087997775,0,371.0486711661258,0
TRX_100951,ACC_046,2026-01-10 21:45:00,208.44017457474374,5.344438135692295,0.3479931610631093,0,208.44017457474374,0
TRX_100952,ACC_043,2026-01-10 22:00:00,118.1826015496994,4.780656783824501,-0.3188216955348381,0,118.1826015496994,0
TRX_100953,ACC_047,2026-01-10 22:15:00,200.9251263461633,5.3078969670365375,0.30477393421854315,0,200.9251263461633,0
TRX_100954,ACC_045,2026-01-10 22:30:00,194.7933481546978,5.277059756867119,0.2683010891893879,0,194.7933481546978,0
TRX_100955,ACC_018,2026-01-10 22:45:00,281.3398196318022,5.643111379622535,0.7012502449683777,0,281.3398196318022,0
TRX_100956,ACC_038,2026-01-10 23:00:00,172.111280044841,5.153934624962784,0.12267430160162657,0,172.111280044841,0
TRX_100957,ACC_035,2026-01-10 23:15:00,764.6469720022031,6.640721191446635,1.8811776076034323,1,732.128172029599,1
TRX_100958,ACC_015,2026-01-10 23:30:00,377.39036051433084,5.935926362525368,1.047578445053771,0,377.39036051433084,0
TRX_100959,ACC_025,2026-01-10 23:45:00,109.75560823285232,4.7073260463145035,-0.40555394564377245,0,109.75560823285232,0
TRX_100960,ACC_037,2026-01-11 00:00:00,100.29185112603578,4.618005965038037,-0.5111976619362024,0,100.29185112603578,0
TRX_100961,ACC_028,2026-01-11 00:15:00,97.25717167288633,4.587588242211498,-0.5471743564781869,0,97.25717167288633,0
TRX_100962,ACC_010,2026-01-11 00:30:00,253.68744108130036,5.540037072097929,0.5793386575005639,0,253.68744108130036,0
TRX_100963,ACC_039,2026-01-11 00:45:00,187.79070898623448,5.24063904162251,0.2252243291430151,0,187.79070898623448,0
TRX_100964,ACC_017,2026-01-11 01:00:00,81.62688449479884,4.414335105715676,-0.7520902604627118,0,81.62688449479884,0
TRX_100965,ACC_039,2026-01-11 01:15:00,20.856777734485117,3.0845110672393954,-2.3249454508291443,0,20.856777734485117,0
TRX_100966,ACC_022,2026-01-11 01:30:00,128.14985906856649,4.860973428318386,-0.22382683342528578,0,128.14985906856649,0
TRX_100967,ACC_026,2026-01-11 01:45:00,266.57342895236116,5.5893940294241125,0.637715814376245,0,266.57342895236116,0
TRX_100968,ACC_044,2026-01-11 02:00:00,55.17755493291138,4.0285172987088975,-1.2084179570064748,0,55.17755493291138,0
TRX_100969,ACC_025,2026-01-11 02:15:00,130.7114894112562,4.880613844209535,-0.20059704573792775,0,130.7114894112562,0
TRX_100970,ACC_017,2026-01-11 02:30:00,381.67251507243225,5.947179571384942,1.0608882269880326,0,381.67251507243225,0
TRX_100971,ACC_013,2026-01-11 02:45:00,6.8349598993083776,2.058595757646626,-3.538351264592493,1,14.45445091828967,1
TRX_100972,ACC_020,2026-01-11 03:00:00,118.99811095648569,4.787476000628853,-0.3107562370721913,0,118.99811095648569,0
TRX_100973,ACC_025,2026-01-11 03:15:00,111.66088930102403,4.7243823271068495,-0.3853805550323895,0,111.66088930102403,0
TRX_100974,ACC_004,2026-01-11 03:30:00,42.605087199461195,3.7751738224352613,-1.508061060209088,0,42.605087199461195,0
TRX_100975,ACC_010,2026-01-11 03:45:00,48.873823877859564,3.9094962935356827,-1.349190570775601,0,48.873823877859564,0
TRX_100976,ACC_003,2026-01-11 04:00:00,302.45169584345246,5.715222440809509,0.7865399175785375,0,302.45169584345246,0
TRX_100977,ACC_041,2026-01-11 04:15:00,445.14027226433706,6.100633414375041,1.2423864300925616,0,445.14027226433706,0
TRX_100978,ACC_045,2026-01-11 04:30:00,91.16594365505838,4.523590687652932,-0.6228677436826585,0,91.16594365505838,0
TRX_100979,ACC_018,2026-01-11 04:45:00,333.60638825412866,5.81295488058245,0.9021333876290395,0,333.60638825412866,0
TRX_100980,ACC_047,2026-01-11 05:00:00,182.15523665758448,5.210334080995079,0.18938100458458668,0,182.15523665758448,0
TRX_100981,ACC_036,2026-01-11 05:15:00,153.95995192947893,5.043166708886243,-0.008336934987753489,0,153.95995192947893,0
TRX_100982,ACC_047,2026-01-11 05:30:00,456.45307384408886,6.125674308622235,1.272003657145582,0,456.45307384408886,0
TRX_100983,ACC_022,2026-01-11 05:45:00,87.45371038529551,4.482479368683514,-0.6714923357737674,0,87.45371038529551,0
TRX_100984,ACC_034,2026-01-11 06:00:00,106.22240379942663,4.674905217467487,-0.4438998225813252,0,106.22240379942663,0
TRX_100985,ACC_047,2026-01-11 06:15:00,62.5673978085895,4.152100725842586,-1.062249118734297,0,62.5673978085895,0
TRX_100986,ACC_008,2026-01-11 06:30:00,254.88036931984686,5.544710027913109,0.584865616403097,0,254.88036931984686,0
TRX_100987,ACC_040,2026-01-11 06:45:00,449.188775978162,6.109666996971622,1.2530709393686286,0,449.188775978162,0
TRX_100988,ACC_049,2026-01-11 07:00:00,217.2631285665686,5.385701346709255,0.3967974041369337,0,217.2631285665686,0
TRX_100989,ACC_044,2026-01-11 07:15:00,577.3379761749626,6.360158431648861,1.549340777914983,1,577.3379761749626,0
TRX_100990,ACC_019,2026-01-11 07:30:00,350.8570898314185,5.863225098362789,0.9615907072961236,0,350.8570898314185,0
TRX_100991,ACC_042,2026-01-11 07:45:00,394.95179638951805,5.9812924775561385,1.1012354157719917,0,394.95179638951805,0
TRX_100992,ACC_041,2026-01-11 08:00:00,219.68194487741792,5.396722501476768,0.4098327230801653,0,219.68194487741792,0
TRX_100993,ACC_037,2026-01-11 08:15:00,90.88724216780489,4.520562196741214,-0.6264497045373676,0,90.88724216780489,0
TRX_100994,ACC_006,2026-01-11 08:30:00,172.27086196623515,5.1548560462101864,0.1237641166068893,0,172.27086196623515,0
TRX_100995,ACC_026,2026-01-11 08:45:00,407.51073578762924,6.0125181949525865,1.1381677694209702,0,407.51073578762924,0
TRX_100996,ACC_034,2026-01-11 09:00:00,134.88337048160673,4.911796947824362,-0.16371509372530418,0,134.88337048160673,0
TRX_100997,ACC_045,2026-01-11 09:15:00,332.51039056013735,5.8096740209726985,0.8982529365943492,0,332.51039056013735,0
TRX_100998,ACC_006,2026-01-11 09:30:00,77.05088000426717,4.357360921776383,-0.8194767253881662,0,77.05088000426717,0
TRX_100999,ACC_037,2026-01-11 09:45:00,324.25383317758923,5.784605902650115,0.8686035101472432,0,324.25383317758923,0
TRX_101000,ACC_033,2026-01-11 10:00:00,198.5339870150611,5.295984582797884,0.2906845097253049,0,198.5339870150611,0
TRX_101001,ACC_022,2026-01-11 10:15:00,139.8762316750894,4.94788171535696,-0.12103567730277913,0,139.8762316750894,0
TRX_101002,ACC_021,2026-01-11 10:30:00,195.7699736126066,5.2820353998710186,0.27418605268655954,0,195.7699736126066,0
TRX_101003,ACC_006,2026-01-11 10:45:00,298.17731862812644,5.701036436502671,0.7697613590181609,0,298.17731862812644,0
TRX_101004,ACC_006,2026-01-11 11:00:00,384.8850598631237,5.955539552746507,1.070776031460999,0,384.8850598631237,0
TRX_101005,ACC_048,2026-01-11 11:15:00,104.12315191436046,4.655132538251406,-0.46728604529399176,0,104.12315191436046,0
TRX_101006,ACC_004,2026-01-11 11:30:00,130.33223820710293,4.877730282070462,-0.2040075914537215,0,130.33223820710293,0
TRX_101007,ACC_030,2026-01-11 11:45:00,281.4175466436132,5.643386637695978,0.7015758076571084,0,281.4175466436132,0
TRX_101008,ACC_011,2026-01-11 12:00:00,735.39349899137,6.601764621225672,1.8351015540068059,1,732.128172029599,1
TRX_101009,ACC_030,2026-01-11 12:15:00,664.1278258034681,6.499979241437436,1.7147144514494015,1,664.1278258034681,0
TRX_101010,ACC_031,2026-01-11 12:30:00,408.60098475637506,6.015183477912776,1.1413201444844658,0,408.60098475637506,0
TRX_101011,ACC_024,2026-01-11 12:45:00,486.3279498807205,6.1889373048242105,1.3468282422451414,0,486.3279498807205,0
TRX_101012,ACC_009,2026-01-11 13:00:00,85.92758740617236,4.46507544341207,-0.6920769044113627,0,85.92758740617236,0
TRX_101013,ACC_003,2026-01-11 13:15:00,77.1964952102561,4.359224828263726,-0.8172721818484552,0,77.1964952102561,0
TRX_101014,ACC_031,2026-01-11 13:30:00,68.0492409490227,4.234819887021857,-0.9644126695205734,0,68.0492409490227,0
TRX_101015,ACC_040,2026-01-11 13:45:00,84.5979971169882,4.449661884707929,-0.7103073582972802,0,84.5979971169882,0
TRX_101016,ACC_037,2026-01-11 14:00:00,274.57967787921996,5.618876798682064,0.6725866885009737,0,274.57967787921996,0
TRX_101017,ACC_036,2026-01-11 14:15:00,191.2288754090512,5.258686721511227,0.24657030136620164,0,191.2288754090512,0
TRX_101018,ACC_024,2026-01-11 14:30:00,305.04448328924025,5.723730461613429,0.7966028163486069,0,305.04448328924025,0
TRX_101019,ACC_031,2026-01-11 14:45:00,449.7074491874495,6.1108184575996205,1.2544328344561355,0,449.7074491874495,0
TRX_101020,ACC_006,2026-01-11 15:00:00,217.55572480117698,5.387041015435149,0.3983819031743464,0,217.55572480117698,0
TRX_101021,ACC_002,2026-01-11 15:15:00,189.40905351131687,5.249174671181197,0.23531988228838385,0,189.40905351131687,0
TRX_101022,ACC_020,2026-01-11 15:30:00,588.1841415510812,6.378738769004056,1.5713167530833698,1,588.1841415510812,0
TRX_101023,ACC_028,2026-01-11 15:45:00,132.8359861498433,4.896615066314362,-0.18167153039785267,0,132.8359861498433,0
TRX_101024,ACC_011,2026-01-11 16:00:00,53.683927190931726,4.001569830617827,-1.2402901926015228,0,53.683927190931726,0
TRX_101025,ACC_004,2026-01-11 16:15:00,266.0695673840367,5.58750917646261,0.6354864963027246,0,266.0695673840367,0
TRX_101026,ACC_015,2026-01-11 16:30:00,116.79343866263163,4.768932570707257,-0.33268855981227174,0,116.79343866263163,0
TRX_101027,ACC_006,2026-01-11 16:45:00,210.64698417451407,5.354919717749014,0.3603902980257195,0,210.64698417451407,0
TRX_101028,ACC_049,2026-01-11 17:00:00,85.10273991809997,4.4555412334372315,-0.7033535329058747,0,85.10273991809997,0
TRX_101029,ACC_030,2026-01-11 17:15:00,273.1539443341321,5.613689789250232,0.6664517304378875,0,273.1539443341321,0
TRX_101030,ACC_038,2026-01-11 17:30:00,184.18340677547744,5.221346721953373,0.20240625378277552,0,184.18340677547744,0
TRX_101031,ACC_002,2026-01-11 17:45:00,178.07538870760158,5.187806883139519,0.16273686291895187,0,178.07538870760158,0
TRX_101032,ACC_015,2026-01-11 18:00:00,308.2509647295971,5.734153130846057,0.8089302739111838,0,308.2509647295971,0
TRX_101033,ACC_011,2026-01-11 18:15:00,459.0579643910938,6.13135249109046,1.2787195522629755,0,459.0579643910938,0
TRX_101034,ACC_008,2026-01-11 18:30:00,555.5336923818066,6.321727712246458,1.5038866766709988,1,555.5336923818066,0
TRX_101035,ACC_026,2026-01-11 18:45:00,304.9719169780363,5.723493323159255,0.7963223398060788,0,304.9719169780363,0
TRX_101036,ACC_045,2026-01-11 19:00:00,194.13152658889447,5.273673826521671,0.26429636528308936,0,194.13152658889447,0
TRX_101037,ACC_044,2026-01-11 19:15:00,195.98378735001637,5.283121427635693,0.2754705567691499,0,195.98378735001637,0
TRX_101038,ACC_005,2026-01-11 19:30:00,357.51099301147235,5.881959323478815,0.9837486938858356,0,357.51099301147235,0
TRX_101039,ACC_006,2026-01-11 19:45:00,81.76475191946506,4.41600226929889,-0.7501184154522602,0,81.76475191946506,0
TRX_101040,ACC_026,2026-01-11 20:00:00,99.18974718380763,4.607065859900462,-0.5241371190755884,0,99.18974718380763,0
TRX_101041,ACC_004,2026-01-11 20:15:00,31.888706211490558,3.4931293225920608,-1.841650424408715,0,31.888706211490558,0
TRX_101042,ACC_019,2026-01-11 20:30:00,376.41826713073254,5.933354034335242,1.0445360126506074,0,376.41826713073254,0
TRX_101043,ACC_020,2026-01-11 20:45:00,497.3199056776974,6.2112422516652845,1.3732095155525696,0,497.3199056776974,0
TRX_101044,ACC_033,2026-01-11 21:00:00,306.78368072485824,5.729397200911687,0.8033051770067364,0,306.78368072485824,0
TRX_101045,ACC_020,2026-01-11 21:15:00,38.71095137531357,3.6816270029350813,-1.6187039695986032,0,38.71095137531357,0
TRX_101046,ACC_049,2026-01-11 21:30:00,270.26097336731027,5.603081358846756,0.6539045630390589,0,270.26097336731027,0
TRX_101047,ACC_012,2026-01-11 21:45:00,136.9619026281058,4.926977579131167,-0.14576013573604588,0,136.9619026281058,0
TRX_101048,ACC_047,2026-01-11 22:00:00,235.08149333094153,5.464177056143912,0.48961489226372074,0,235.08149333094153,0
TRX_101049,ACC_001,2026-01-11 22:15:00,565.7960654651206,6.339999566128919,1.525497791664509,1,565.7960654651206,0
TRX_101050,ACC_026,2026-01-11 22:30:00,94.7814235854118,4.562068757879931,-0.5773576380440478,0,94.7814235854118,0
TRX_101051,ACC_014,2026-01-11 22:45:00,308.35371557889187,5.73448533282742,0.8093231872557464,0,308.35371557889187,0
TRX_101052,ACC_038,2026-01-11 23:00:00,169.15180608914537,5.136691015578474,0.10227934727982081,0,169.15180608914537,0
TRX_101053,ACC_037,2026-01-11 23:15:00,198.11442293924296,5.2938796491257225,0.2881948902299088,0,198.11442293924296,0
TRX_101054,ACC_011,2026-01-11 23:30:00,44.002539425466594,3.806718919855148,-1.4707509584422906,0,44.002539425466594,0
TRX_101055,ACC_036,2026-01-11 23:45:00,140.15977197223063,4.949892383420603,-0.1186575508676243,0,140.15977197223063,0
TRX_101056,ACC_013,2026-01-12 00:00:00,66.82856636077335,4.216983438965398,-0.9855088063714659,0,66.82856636077335,0
TRX_101057,ACC_043,2026-01-12 00:15:00,320.1071663694945,5.771774919032327,0.8534276082257625,0,320.1071663694945,0
TRX_101058,ACC_003,2026-01-12 00:30:00,203.16877883192097,5.318946998996465,0.31784340778724224,0,203.16877883192097,0
TRX_101059,ACC_033,2026-01-12 00:45:00,278.9141605825048,5.634482986819063,0.6910449756900365,0,278.9141605825048,0
TRX_101060,ACC_006,2026-01-12 01:00:00,96.13212012674677,4.576072114899139,-0.5607951063609451,0,96.13212012674677,0
TRX_101061,ACC_050,2026-01-12 01:15:00,125.80002026453054,4.8426112018180225,-0.24554483702738064,0,125.80002026453054,0
TRX_101062,ACC_010,2026-01-12 01:30:00,354.2879127531928,5.872928482614894,0.9730674274060491,0,354.2879127531928,0
TRX_101063,ACC_005,2026-01-12 01:45:00,152.3710836685843,5.03286036835191,-0.020526804274282343,0,152.3710836685843,0
TRX_101064,ACC_023,2026-01-12 02:00:00,121.87767230757794,4.8111893264105206,-0.28270919742077893,0,121.87767230757794,0
TRX_101065,ACC_010,2026-01-12 02:15:00,322.65841158192,5.779688674401729,0.8627876369573203,0,322.65841158192,0
TRX_101066,ACC_044,2026-01-12 02:30:00,97.99299998967255,4.595049140459695,-0.5383499464848783,0,97.99299998967255,0
TRX_101067,ACC_002,2026-01-12 02:45:00,128.49362681086959,4.863631666112874,-0.22068279106229774,0,128.49362681086959,0
TRX_101068,ACC_013,2026-01-12 03:00:00,186.14371804837464,5.231876867387793,0.2148608292924937,0,186.14371804837464,0
TRX_101069,ACC_040,2026-01-12 03:15:00,,,0.11025244428426656,0,,1
TRX_101070,ACC_002,2026-01-12 03:30:00,159.47345666426148,5.07812854985458,0.033014335135790086,0,159.47345666426148,0
TRX_101071,ACC_020,2026-01-12 03:45:00,48.74032526885024,3.906815977735667,-1.3523607259960664,0,48.74032526885024,0
TRX_101072,ACC_001,2026-01-12 04:00:00,288.21766346165754,5.6671795653961725,0.7297169968253708,0,288.21766346165754,0
TRX_101073,ACC_037,2026-01-12 04:15:00,413.96103079113294,6.028184614113544,1.1566972951167165,0,413.96103079113294,0
TRX_101074,ACC_009,2026-01-12 04:30:00,119.03235735526306,4.7877613510616595,-0.31041873760133887,0,119.03235735526306,0
TRX_101075,ACC_017,2026-01-12 04:45:00,,,0.11025244428426656,0,,1
TRX_101076,ACC_009,2026-01-12 05:00:00,74.44735256840438,4.323435096041639,-0.8596026439687182,0,74.44735256840438,0
TRX_101077,ACC_011,2026-01-12 05:15:00,192.2009540734395,5.263730860034545,0.25253627823816316,0,192.2009540734395,0
TRX_101078,ACC_015,2026-01-12 05:30:00,88.10622273898088,4.489829171981737,-0.6627993238178186,0,88.10622273898088,0
TRX_101079,ACC_024,2026-01-12 05:45:00,486.1596185925309,6.188591828298271,1.346419628374996,0,486.1596185925309,0
TRX_101080,ACC_038,2026-01-12 06:00:00,144.39998755405557,4.979488479501448,-0.0836526389480904,0,144.39998755405557,0
TRX_101081,ACC_035,2026-01-12 06:15:00,130.13888817230003,4.876256976625826,-0.2057501499039699,0,130.13888817230003,0
TRX_101082,ACC_030,2026-01-12 06:30:00,141.11472964503838,4.956634686627872,-0.1106830622978972,0,141.11472964503838,0
TRX_101083,ACC_031,2026-01-12 06:45:00,96.8966754285453,4.583912590109445,-0.5515217500576566,0,96.8966754285453,0
TRX_101084,ACC_049,2026-01-12 07:00:00,211.8593262610052,5.36063150743362,0.3671459422250891,0,211.8593262610052,0
TRX_101085,ACC_005,2026-01-12 07:15:00,139.4956229952833,4.945176335230052,-0.12423547746536125,0,139.4956229952833,0
TRX_101086,ACC_044,2026-01-12 07:30:00,329.6603061097241,5.801091582876488,0.8881020204467583,0,329.6603061097241,0
TRX_101087,ACC_050,2026-01-12 07:45:00,211.19922753776984,5.357525585917696,0.3634723999850269,0,211.19922753776984,0
TRX_101088,ACC_014,2026-01-12 08:00:00,270.3487983354921,5.603405072032654,0.6542874362237042,0,270.3487983354921,0
TRX_101089,ACC_011,2026-01-12 08:15:00,290.96686295040405,5.676640312782032,0.7409067371218728,0,290.96686295040405,0
TRX_101090,ACC_009,2026-01-12 08:30:00,413.0308292532577,6.025940437848108,1.154042985835895,0,413.0308292532577,0
TRX_101091,ACC_034,2026-01-12 08:45:00,124.77145829925537,4.834466436960877,-0.2551780932396488,0,124.77145829925537,0
TRX_101092,ACC_012,2026-01-12 09:00:00,102.95233301943114,4.6439324577215375,-0.4805329894642224,0,102.95233301943114,0
TRX_101093,ACC_035,2026-01-12 09:15:00,118.12636235081825,4.780184798222241,-0.31937993856761004,0,118.12636235081825,0
TRX_101094,ACC_035,2026-01-12 09:30:00,183.4659271145889,5.217464769540009,0.19781485760895462,0,183.4659271145889,0
TRX_101095,ACC_001,2026-01-12 09:45:00,226.34340184828443,5.426461657849805,0.4450068401851959,0,226.34340184828443,0
TRX_101096,ACC_040,2026-01-12 10:00:00,83.4147707630601,4.435742395330612,-0.7267706951605909,0,83.4147707630601,0
TRX_101097,ACC_022,2026-01-12 10:15:00,111.23224015208109,4.720570297196785,-0.3898892500600017,0,111.23224015208109,0
TRX_101098,ACC_029,2026-01-12 10:30:00,226.99969996001016,5.429344312988707,0.4484163131425765,0,226.99969996001016,0
TRX_101099,ACC_008,2026-01-12 10:45:00,205.90505670939058,5.332260024807552,0.33358944721847705,0,205.90505670939058,0
TRX_101100,ACC_011,2026-01-12 11:00:00,131.88267755039166,4.889466615240436,-0.19012639213097896,0,131.88267755039166,0
TRX_101101,ACC_041,2026-01-12 11:15:00,49.4532589655725,3.921047342643341,-1.3355285169869096,0,49.4532589655725,0
TRX_101102,ACC_037,2026-01-12 11:30:00,203.5652053139824,5.3208867770513475,0.3201376887548786,0,203.5652053139824,0
TRX_101103,ACC_014,2026-01-12 11:45:00,283.55018248847136,5.650909626371968,0.7104736553751089,0,283.55018248847136,0
TRX_101104,ACC_030,2026-01-12 12:00:00,274.0335407471628,5.6168930565826,0.6702404088675682,0,274.0335407471628,0
TRX_101105,ACC_035,2026-01-12 12:15:00,148.99755232093665,5.010618976102696,-0.04683290811057342,0,148.99755232093665,0
TRX_101106,ACC_021,2026-01-12 12:30:00,86.64082607403985,4.4732469404477895,-0.6824120305981164,0,86.64082607403985,0
TRX_101107,ACC_037,2026-01-12 12:45:00,61.59951634754795,4.136757551998698,-1.0803963246192994,0,61.59951634754795,0
TRX_101108,ACC_005,2026-01-12 13:00:00,81.43859253603225,4.412053683290788,-0.7547886228013222,0,81.43859253603225,0
TRX_101109,ACC_019,2026-01-12 13:15:00,246.33913779992724,5.510760422417673,0.5447115722067131,0,246.33913779992724,0
TRX_101110,ACC_014,2026-01-12 13:30:00,140.85200065539652,4.954784265176524,-0.11287165635238013,0,140.85200065539652,0
TRX_101111,ACC_026,2026-01-12 13:45:00,176.66135183317064,5.179879220415221,0.15336038520264142,0,176.66135183317064,0
TRX_101112,ACC_004,2026-01-12 14:00:00,33.244116773792285,3.5335147769255957,-1.7938843518863765,0,33.244116773792285,0
TRX_101113,ACC_025,2026-01-12 14:15:00,338.52395411945315,5.8275445015626,0.9193893255728302,0,338.52395411945315,0
TRX_101114,ACC_045,2026-01-12 14:30:00,407.7748909201075,6.013164615574813,1.1389323262355648,0,407.7748909201075,0
TRX_101115,ACC_042,2026-01-12 14:45:00,97.23006324202498,4.587312311502361,-0.5475007147297235,0,97.23006324202498,0
TRX_101116,ACC_025,2026-01-12 15:00:00,469.2920701849621,6.15335392762442,1.3047418474288883,0,469.2920701849621,0
TRX_101117,ACC_018,2026-01-12 15:15:00,124.72375097560715,4.83408704743407,-0.25562681785970653,0,124.72375097560715,0
TRX_101118,ACC_040,2026-01-12 15:30:00,75.12540527683002,4.332382049849453,-0.8490205952709714,0,75.12540527683002,0
TRX_101119,ACC_008,2026-01-12 15:45:00,90.9318291689631,4.521047315088385,-0.6258759286931863,0,90.9318291689631,0
TRX_101120,ACC_039,2026-01-12 16:00:00,116.24853326014149,4.764295897739756,-0.3381726050182237,0,116.24853326014149,0
TRX_101121,ACC_040,2026-01-12 16:15:00,106.39733520711812,4.676535369915158,-0.441971752653107,0,106.39733520711812,0
TRX_101122,ACC_014,2026-01-12 16:30:00,132.54023311622015,4.894402804094068,-0.18428809320237774,0,132.54023311622015,0
TRX_101123,ACC_032,2026-01-12 16:45:00,97.7123327428262,4.592209890435294,-0.5417080818534824,0,97.7123327428262,0
TRX_101124,ACC_038,2026-01-12 17:00:00,310.7823316606839,5.742305289401326,0.8185722750522048,0,310.7823316606839,0
TRX_101125,ACC_033,2026-01-12 17:15:00,110.41405094509591,4.713253450105783,-0.3985432829179026,0,110.41405094509591,0
TRX_101126,ACC_023,2026-01-12 17:30:00,37.491380843459574,3.650434342034315,-1.6555972255329188,0,37.491380843459574,0
TRX_101127,ACC_015,2026-01-12 17:45:00,68.31372964178219,4.23864300550193,-0.9598908594383468,0,68.31372964178219,0
TRX_101128,ACC_033,2026-01-12 18:00:00,139.9137464914538,4.948147976185894,-0.12072075614429227,0,139.9137464914538,0
TRX_101129,ACC_025,2026-01-12 18:15:00,155.44872279634117,5.052728306427629,0.0029720862707247734,0,155.44872279634117,0
TRX_101130,ACC_017,2026-01-12 18:30:00,321.4507645947883,5.775950456657757,0.8583662435915755,0,321.4507645947883,0
TRX_101131,ACC_033,2026-01-12 18:45:00,149.82554341252816,5.016123827254385,-0.040322021364947565,0,149.82554341252816,0
TRX_101132,ACC_047,2026-01-12 19:00:00,201.6933345529763,5.3116941696068585,0.30926509214530573,0,201.6933345529763,0
TRX_101133,ACC_002,2026-01-12 19:15:00,123.09747831644589,4.82106737223333,-0.2710258955751566,0,123.09747831644589,0
TRX_101134,ACC_014,2026-01-12 19:30:00,209.31653940352183,5.348613726328107,0.35293185912718406,0,209.31653940352183,0
TRX_101135,ACC_040,2026-01-12 19:45:00,33.130085747837796,3.5301792753044956,-1.7978294309986733,0,33.130085747837796,0
TRX_101136,ACC_040,2026-01-12 20:00:00,214.2110773859237,5.371619301804498,0.3801418040134773,0,214.2110773859237,0
TRX_101137,ACC_039,2026-01-12 20:15:00,136.3852820711838,4.922789256664919,-0.15071389242818234,0,136.3852820711838,0
TRX_101138,ACC_006,2026-01-12 20:30:00,332.4624246484717,5.809530189288243,0.898082819041283,0,332.4624246484717,0
TRX_101139,ACC_006,2026-01-12 20:45:00,349.5868470563731,5.859608456256806,0.9573131080472708,0,349.5868470563731,0
TRX_101140,ACC_003,2026-01-12 21:00:00,232.03200566587265,5.45117580750506,0.47423760864483444,0,232.03200566587265,0
TRX_101141,ACC_007,2026-01-12 21:15:00,123.78980092808112,4.82663072926311,-0.26444581074665713,0,123.78980092808112,0
TRX_101142,ACC_008,2026-01-12 21:30:00,129.72367906837326,4.8730857753635375,-0.20950090204919536,0,129.72367906837326,0
TRX_101143,ACC_042,2026-01-12 21:45:00,70.26287612719551,4.26637552039598,-0.9270901063078806,0,70.26287612719551,0
TRX_101144,ACC_015,2026-01-12 22:00:00,144.70113044615144,4.9815574718955045,-0.08120552915637035,0,144.70113044615144,0
TRX_101145,ACC_047,2026-01-12 22:15:00,45.29773996878805,3.8350931471316496,-1.4371912171883892,0,45.29773996878805,0
TRX_101146,ACC_029,2026-01-12 22:30:00,142.56136052492513,4.966762543281902,-0.09870429560043938,0,142.56136052492513,0
TRX_101147,ACC_033,2026-01-12 22:45:00,16084.438990731016,9.685669731233007,5.482603793799654,1,732.128172029599,1
TRX_101148,ACC_030,2026-01-12 23:00:00,114.640632062159,4.7504873829076715,-0.3545046862534085,0,114.640632062159,0
TRX_101149,ACC_039,2026-01-12 23:15:00,214.46575404421014,5.372801982967663,0.3815406253253285,0,214.46575404421014,0
TRX_101150,ACC_027,2026-01-12 23:30:00,266.1760292329828,5.587907726683817,0.6359578833177806,0,266.1760292329828,0
TRX_101151,ACC_036,2026-01-12 23:45:00,305.5199822301508,5.7252829481293155,0.7984390265567513,0,305.5199822301508,0
TRX_101152,ACC_029,2026-01-13 00:00:00,114.05328993814716,4.745395411797403,-0.3605272373265256,0,114.05328993814716,0
TRX_101153,ACC_038,2026-01-13 00:15:00,71.45788094830118,4.28300544060515,-0.9074209955386519,0,71.45788094830118,0
TRX_101154,ACC_033,2026-01-13 00:30:00,62.603577781808696,4.152669723194809,-1.0615761346304944,0,62.603577781808696,0
TRX_101155,ACC_037,2026-01-13 00:45:00,75.77153110155793,4.340833882649759,-0.839024153107615,0,75.77153110155793,0
TRX_101156,ACC_027,2026-01-13 01:00:00,121.41640744386093,4.807428408838591,-0.2871574391071957,0,121.41640744386093,0
TRX_101157,ACC_033,2026-01-13 01:15:00,43.97093460668013,3.806016383459253,-1.4715818864333134,0,43.97093460668013,0
TRX_101158,ACC_004,2026-01-13 01:30:00,92.39579754914423,4.53684635010202,-0.6071895510184004,0,92.39579754914423,0
TRX_101159,ACC_022,2026-01-13 01:45:00,341.27829363092764,5.835624130235709,0.928945541678905,0,341.27829363092764,0
TRX_101160,ACC_002,2026-01-13 02:00:00,323.4995982927538,5.782284298216579,0.8658576223623842,0,323.4995982927538,0
TRX_101161,ACC_010,2026-01-13 02:15:00,19.881649414910736,3.038870754861489,-2.378926729657423,0,19.881649414910736,0
TRX_101162,ACC_005,2026-01-13 02:30:00,718.081026232407,6.57797404432356,1.806963145255244,1,718.081026232407,0
TRX_101163,ACC_010,2026-01-13 02:45:00,397.20433618205743,5.9869652810285094,1.1079449488585427,0,397.20433618205743,0
TRX_101164,ACC_033,2026-01-13 03:00:00,43.34020897037074,3.791891917085737,-1.4882876607342472,0,43.34020897037074,0
TRX_101165,ACC_038,2026-01-13 03:15:00,174.5922084860085,5.168164309407995,0.13950452303646477,0,174.5922084860085,0
TRX_101166,ACC_013,2026-01-13 03:30:00,113.19923795819466,4.737944624329197,-0.3693396887506345,0,113.19923795819466,0
TRX_101167,ACC_031,2026-01-13 03:45:00,103.66180848504436,4.650734280414916,-0.4724881039623098,0,103.66180848504436,0
TRX_101168,ACC_047,2026-01-13 04:00:00,41.22315137386739,3.742968681365254,-1.5461518314862295,0,41.22315137386739,0
TRX_101169,ACC_036,2026-01-13 04:15:00,303.65595520476836,5.719183124196764,0.7912244331556364,0,303.65595520476836,0
TRX_101170,ACC_045,2026-01-13 04:30:00,300.61833989071334,5.709162442941241,0.7793724286289202,0,300.61833989071334,0
TRX_101171,ACC_024,2026-01-13 04:45:00,219.08329311683997,5.39400607977609,0.40661986344797557,0,219.08329311683997,0
TRX_101172,ACC_015,2026-01-13 05:00:00,562.779837632861,6.3346638164812425,1.5191869104614144,1,562.779837632861,0
TRX_101173,ACC_029,2026-01-13 05:15:00,147.32273325455412,4.9993905297394035,-0.06011340209419162,0,147.32273325455412,0
TRX_101174,ACC_008,2026-01-13 05:30:00,94.35843544260425,4.557642796330561,-0.5825924633997887,0,94.35843544260425,0
TRX_101175,ACC_005,2026-01-13 05:45:00,71.09534973820371,4.277989544821172,-0.9133535681872906,0,71.09534973820371,0
TRX_101176,ACC_029,2026-01-13 06:00:00,80.36025482065422,4.3988868837493404,-0.770361712473403,0,80.36025482065422,0
TRX_101177,ACC_047,2026-01-13 06:15:00,391.26264368770404,5.971931624841776,1.0901638263345572,0,391.26264368770404,0
TRX_101178,ACC_004,2026-01-13 06:30:00,221.67865033715012,5.405729702299769,0.42048602919829026,0,221.67865033715012,0
TRX_101179,ACC_012,2026-01-13 06:45:00,121.4371770993762,4.807598058432277,-0.28695678530921026,0,121.4371770993762,0
TRX_101180,ACC_045,2026-01-13 07:00:00,98.43943339533241,4.599548749230997,-0.5330280145556965,0,98.43943339533241,0
TRX_101181,ACC_002,2026-01-13 07:15:00,282.5142101026015,5.64726224573035,0.7061596999889633,0,282.5142101026015,0
TRX_101182,ACC_027,2026-01-13 07:30:00,50.93939716649435,3.950077599823281,-1.301192853499085,0,50.93939716649435,0
TRX_101183,ACC_031,2026-01-13 07:45:00,61.60753274325316,4.136885602228687,-1.0802448726504383,0,61.60753274325316,0
TRX_101184,ACC_036,2026-01-13 08:00:00,304.63968707215713,5.722406914934309,0.7950373857324395,0,304.63968707215713,0
TRX_101185,ACC_036,2026-01-13 08:15:00,214.60419571676942,5.373444299498406,0.3823003280077938,0,214.60419571676942,0
TRX_101186,ACC_026,2026-01-13 08:30:00,71.34922241751582,4.281504705507863,-0.9091959965303903,0,71.34922241751582,0
TRX_101187,ACC_043,2026-01-13 08:45:00,181.31013881590897,5.205709296242921,0.1839110202172608,0,181.31013881590897,0
TRX_101188,ACC_027,2026-01-13 09:00:00,80.41656026009183,4.399578695315445,-0.7695434693216623,0,80.41656026009183,0
TRX_101189,ACC_005,2026-01-13 09:15:00,175.90120908715116,5.175591436004741,0.14828898946149993,0,175.90120908715116,0
TRX_101190,ACC_020,2026-01-13 09:30:00,159.66891897339215,5.079345843790822,0.034454094856191636,0,159.66891897339215,0
TRX_101191,ACC_011,2026-01-13 09:45:00,113.47231915552504,4.740333039666843,-0.36651478007709937,0,113.47231915552504,0
TRX_101192,ACC_010,2026-01-13 10:00:00,113.7222543528735,4.742514027572403,-0.36393520710493593,0,113.7222543528735,0
TRX_101193,ACC_040,2026-01-13 10:15:00,65.59920280758817,4.19869260761867,-1.0071423670437345,0,65.59920280758817,0
TRX_101194,ACC_038,2026-01-13 10:30:00,123.65322515149124,4.8255356832930225,-0.2657409811510932,0,123.65322515149124,0
TRX_101195,ACC_006,2026-01-13 10:45:00,444.4460706662419,6.099076186084402,1.240544611529616,0,444.4460706662419,0
TRX_101196,ACC_008,2026-01-13 11:00:00,167.83699763692078,5.128933738458873,0.09310439388173335,0,167.83699763692078,0
TRX_101197,ACC_023,2026-01-13 11:15:00,612.4907856020461,6.419165244644606,1.6191313437357673,1,612.4907856020461,0
TRX_101198,ACC_047,2026-01-13 11:30:00,30.67201200576884,3.4554333888694573,-1.8862354546802695,0,30.67201200576884,0
TRX_101199,ACC_026,2026-01-13 11:45:00,107.02041618981437,4.682320248053216,-0.4351296627661573,0,107.02041618981437,0
TRX_101200,ACC_046,2026-01-13 12:00:00,249.17415817607656,5.522157308030622,0.55819128844863,0,249.17415817607656,0
TRX_101201,ACC_043,2026-01-13 12:15:00,718.1283092265809,6.578039796913291,1.807040914417965,1,718.1283092265809,0
TRX_101202,ACC_012,2026-01-13 12:30:00,43.112874251114874,3.7867516729804716,-1.4943673069030596,0,43.112874251114874,0
TRX_101203,ACC_026,2026-01-13 12:45:00,162.0888032823857,5.094294857867582,0.05213510655487737,0,162.0888032823857,0
TRX_101204,ACC_013,2026-01-13 13:00:00,233.42633633863502,5.457141407784845,0.4812934484343317,0,233.42633633863502,0
TRX_101205,ACC_040,2026-01-13 13:15:00,399.24198101490157,5.992069316735214,1.1139817693857939,0,399.24198101490157,0
TRX_101206,ACC_018,2026-01-13 13:30:00,108.10793193002213,4.692337593496196,-0.4232816036862971,0,108.10793193002213,0
TRX_101207,ACC_025,2026-01-13 13:45:00,134.0207693961702,4.905428613984173,-0.1712472683925659,0,134.0207693961702,0
TRX_101208,ACC_033,2026-01-13 14:00:00,67.58727852599064,4.228107073307391,-0.9723522792638732,0,67.58727852599064,0
TRX_101209,ACC_047,2026-01-13 14:15:00,126.08677072107663,4.8448700871847095,-0.24287313049280237,0,126.08677072107663,0
TRX_101210,ACC_040,2026-01-13 14:30:00,146.72642327474028,4.9953620718087155,-0.06487807830858418,0,146.72642327474028,0
TRX_101211,ACC_043,2026-01-13 14:45:00,224.61640777230429,5.418836246466407,0.435987851562612,0,224.61640777230429,0
TRX_101212,ACC_012,2026-01-13 15:00:00,285.5576801400681,5.65793984273269,0.7187886744847272,0,285.5576801400681,0
TRX_101213,ACC_044,2026-01-13 15:15:00,51.183622719237256,3.954768704650805,-1.2956444287729252,0,51.183622719237256,0
TRX_101214,ACC_036,2026-01-13 15:30:00,95.40970045946683,4.568606823726818,-0.5696247121044502,0,95.40970045946683,0
TRX_101215,ACC_048,2026-01-13 15:45:00,214.88593861180578,5.374750206227953,0.3838448948965498,0,214.88593861180578,0
TRX_101216,ACC_004,2026-01-13 16:00:00,33.94278742062416,3.553712078874301,-1.7699959047818872,0,33.94278742062416,0
TRX_101217,ACC_005,2026-01-13 16:15:00,494.84611039794214,6.206265617289462,1.3673233795059265,0,494.84611039794214,0
TRX_101218,ACC_037,2026-01-13 16:30:00,373.4858284328287,5.925553960940416,1.0353104417710584,0,373.4858284328287,0
TRX_101219,ACC_008,2026-01-13 16:45:00,236.3386165993635,5.469487883448469,0.49589629645662686,0,236.3386165993635,0
TRX_101220,ACC_042,2026-01-13 17:00:00,272.45111572225437,5.611122869953609,0.6634156954271411,0,272.45111572225437,0
TRX_101221,ACC_049,2026-01-13 17:15:00,354.2425818254673,5.872800885198223,0.9729165110041182,0,354.2425818254673,0
TRX_101222,ACC_028,2026-01-13 17:30:00,367.25708236875494,5.908781287659508,1.0154724891826665,0,367.25708236875494,0
TRX_101223,ACC_031,2026-01-13 17:45:00,241.4812830079394,5.490924523926325,0.5212505766200746,0,241.4812830079394,0
TRX_101224,ACC_009,2026-01-13 18:00:00,56.81281163707905,4.057210405737321,-1.1744810593330766,0,56.81281163707905,0
TRX_101225,ACC_029,2026-01-13 18:15:00,211.72053095643068,5.359979242966017,0.36637447357684866,0,211.72053095643068,0
TRX_101226,ACC_014,2026-01-13 18:30:00,378.16805155481865,5.937979514602595,1.050006819641568,0,378.16805155481865,0
TRX_101227,ACC_040,2026-01-13 18:45:00,189.1888253248355,5.2480173961499545,0.23395111019004178,0,189.1888253248355,0
TRX_101228,ACC_041,2026-01-13 19:00:00,308.2609953263204,5.734185565454834,0.8089686360863942,0,308.2609953263204,0
TRX_101229,ACC_022,2026-01-13 19:15:00,274.691383993811,5.619282066158794,0.6730660203793419,0,274.691383993811,0
TRX_101230,ACC_011,2026-01-13 19:30:00,306.8114583512618,5.729487447324172,0.8034119163453124,0,306.8114583512618,0
TRX_101231,ACC_023,2026-01-13 19:45:00,110.35979165084031,4.712766325632853,-0.39911943151608814,0,110.35979165084031,0
TRX_101232,ACC_001,2026-01-13 20:00:00,300.7204486042692,5.709500921807436,0.7797727659864355,0,300.7204486042692,0
TRX_101233,ACC_046,2026-01-13 20:15:00,82.4989591886601,4.424834166972658,-0.7396724498996387,0,82.4989591886601,0
TRX_101234,ACC_037,2026-01-13 20:30:00,83.07271832013714,4.4316821186334785,-0.7315730051599859,0,83.07271832013714,0
TRX_101235,ACC_021,2026-01-13 20:45:00,122.75089360477818,4.818270622471441,-0.27433376357262756,0,122.75089360477818,0
TRX_101236,ACC_026,2026-01-13 21:00:00,262.37315019040835,5.573571848617613,0.6190020609138445,0,262.37315019040835,0
TRX_101237,ACC_046,2026-01-13 21:15:00,206.97171434877495,5.337402081746203,0.3396712375238945,0,206.97171434877495,0
TRX_101238,ACC_036,2026-01-13 21:30:00,194.16984840321493,5.273870196900558,0.26452862320649084,0,194.16984840321493,0
TRX_101239,ACC_023,2026-01-13 21:45:00,137.4265591865366,4.930339926409631,-0.1417833048052365,0,137.4265591865366,0
TRX_101240,ACC_001,2026-01-13 22:00:00,165.20049172904191,5.113194841075466,0.07448914425178982,0,165.20049172904191,0
TRX_101241,ACC_040,2026-01-13 22:15:00,67.32051352799671,4.224210065962556,-0.9769614817236538,0,67.32051352799671,0
TRX_101242,ACC_015,2026-01-13 22:30:00,63.65975680847515,4.169139011208791,-1.0420970122917894,0,63.65975680847515,0
TRX_101243,ACC_021,2026-01-13 22:45:00,253.99299481870958,5.541236073481905,0.5807567816248675,0,253.99299481870958,0
TRX_101244,ACC_047,2026-01-13 23:00:00,21.884604691569823,3.1304644002649047,-2.270593945462595,0,21.884604691569823,0
TRX_101245,ACC_009,2026-01-13 23:15:00,404.59194317935084,6.005347588123446,1.1296867028715845,0,404.59194317935084,0
TRX_101246,ACC_009,2026-01-13 23:30:00,197.66440819889573,5.2916170102062585,0.28551874416438744,0,197.66440819889573,0
TRX_101247,ACC_010,2026-01-13 23:45:00,116.44152126777412,4.76594051835668,-0.3362274227996227,0,116.44152126777412,0
TRX_101248,ACC_026,2026-01-14 00:00:00,9.022502734632882,2.3048328383838648,-3.2471132817522896,1,14.45445091828967,1
TRX_101249,ACC_041,2026-01-14 00:15:00,83.60238262152899,4.437962429590645,-0.7241449399421153,0,83.60238262152899,0
TRX_101250,ACC_035,2026-01-14 00:30:00,144.04096517718108,4.977016220983066,-0.08657671350987978,0,144.04096517718108,0
TRX_101251,ACC_025,2026-01-14 00:45:00,19.998621449184334,3.044456790291741,-2.372319821851703,0,19.998621449184334,0
TRX_101252,ACC_026,2026-01-14 01:00:00,120.73526713484853,4.801848745481145,-0.2937568103159704,0,120.73526713484853,0
TRX_101253,ACC_011,2026-01-14 01:15:00,362.9507844029298,5.897018650811099,1.0015601790693573,0,362.9507844029298,0
TRX_101254,ACC_038,2026-01-14 01:30:00,162.19146365267636,5.094924135112221,0.05287938696474549,0,162.19146365267636,0
TRX_101255,ACC_002,2026-01-14 01:45:00,408.3247261678515,6.014508792540666,1.1405221574134818,0,408.3247261678515,0
TRX_101256,ACC_007,2026-01-14 02:00:00,86.13325610250774,4.467438626169375,-0.689281839682446,0,86.13325610250774,0
TRX_101257,ACC_018,2026-01-14 02:15:00,34.69122139288352,3.574904759188384,-1.7449301695677946,0,34.69122139288352,0
TRX_101258,ACC_027,2026-01-14 02:30:00,235.1903128164252,5.46463789029066,0.49015994586377487,0,235.1903128164252,0
TRX_101259,ACC_034,2026-01-14 02:45:00,270.6826784669566,5.604634761978081,0.6557418573781172,0,270.6826784669566,0
TRX_101260,ACC_027,2026-01-14 03:00:00,352.1273024712754,5.866828622152087,0.9658527907986153,0,352.1273024712754,0
TRX_101261,ACC_017,2026-01-14 03:15:00,431.40218492649007,6.069356138773772,1.2053930957516175,0,431.40218492649007,0
TRX_101262,ACC_043,2026-01-14 03:30:00,161.71852576995883,5.0920218723400765,0.04944672299349954,0,161.71852576995883,0
TRX_101263,ACC_044,2026-01-14 03:45:00,383.25114693246576,5.951296367274279,1.0657573853088893,0,383.25114693246576,0
TRX_101264,ACC_024,2026-01-14 04:00:00,,,0.11025244428426656,0,,1
TRX_101265,ACC_025,2026-01-14 04:15:00,316.16513970381754,5.759422583670223,0.8388178296194939,0,316.16513970381754,0
TRX_101266,ACC_007,2026-01-14 04:30:00,87.05368291210016,4.4779466615757055,-0.6768534149050301,0,87.05368291210016,0
TRX_101267,ACC_006,2026-01-14 04:45:00,163.59033437884807,5.103459564640572,0.06297470352336025,0,163.59033437884807,0
TRX_101268,ACC_024,2026-01-14 05:00:00,230.37176957955592,5.44402580895743,0.4657809166304243,0,230.37176957955592,0
TRX_101269,ACC_033,2026-01-14 05:15:00,220.72609271868058,5.401442803511419,0.4154156809305919,0,220.72609271868058,0
TRX_101270,ACC_049,2026-01-14 05:30:00,144.53822884390132,4.980438793296322,-0.08252865115609863,0,144.53822884390132,0
TRX_101271,ACC_029,2026-01-14 05:45:00,463.39914652662424,6.140744412024081,1.2898278877724483,0,463.39914652662424,0
TRX_101272,ACC_043,2026-01-14 06:00:00,33.30156688825045,3.5351910350017,-1.791901750324733,0,33.30156688825045,0
TRX_101273,ACC_022,2026-01-14 06:15:00,171.69866400948973,5.151548249219351,0.11985180526705567,0,171.69866400948973,0
TRX_101274,ACC_026,2026-01-14 06:30:00,225.58518858489515,5.423120982754583,0.4410556421237839,0,225.58518858489515,0
TRX_101275,ACC_028,2026-01-14 06:45:00,91.70545393596285,4.529427305101799,-0.6159644588998447,0,91.70545393596285,0
TRX_101276,ACC_050,2026-01-14 07:00:00,366.2895763506165,5.906150573306718,1.0123610002905732,0,366.2895763506165,0
TRX_101277,ACC_021,2026-01-14 07:15:00,211.5278086742768,5.359072844152017,0.36530242642031235,0,211.5278086742768,0
TRX_101278,ACC_049,2026-01-14 07:30:00,190.36509195182887,5.254183079688288,0.24124359932757963,0,190.36509195182887,0
TRX_101279,ACC_007,2026-01-14 07:45:00,261.39448371200945,5.569849034409971,0.61459888614798,0,261.39448371200945,0
TRX_101280,ACC_017,2026-01-14 08:00:00,191.92002304493838,5.262275714654104,0.2508151986831667,0,191.92002304493838,0
TRX_101281,ACC_020,2026-01-14 08:15:00,296.16851425555285,5.694299365964786,0.7617930594110047,0,296.16851425555285,0
TRX_101282,ACC_041,2026-01-14 08:30:00,15.804546688951133,2.8216494860409216,-2.6358461342080317,0,15.804546688951133,0
TRX_101283,ACC_049,2026-01-14 08:45:00,24.573309177492412,3.2415491973351624,-2.139207916493716,0,24.573309177492412,0
TRX_101284,ACC_020,2026-01-14 09:00:00,320.56798085140923,5.773208970318984,0.8551237386491933,0,320.56798085140923,0
TRX_101285,ACC_022,2026-01-14 09:15:00,166.51866066681657,5.121094752025895,0.08383279843633286,0,166.51866066681657,0
TRX_101286,ACC_028,2026-01-14 09:30:00,89.74744014848484,4.50808026501692,-0.6412127638071117,0,89.74744014848484,0
TRX_101287,ACC_040,2026-01-14 09:45:00,209.68814003743873,5.350379030841644,0.3550197807516684,0,209.68814003743873,0
TRX_101288,ACC_049,2026-01-14 10:00:00,162.77461228695176,5.098491167263294,0.057098309822725964,0,162.77461228695176,0
TRX_101289,ACC_007,2026-01-14 10:15:00,82.37277089659317,4.423321768005432,-0.7414612463844962,0,82.37277089659317,0
TRX_101290,ACC_001,2026-01-14 10:30:00,648.4068099647272,6.476059346162464,1.6864230908274587,1,648.4068099647272,0
TRX_101291,ACC_032,2026-01-14 10:45:00,465.6077997459244,6.145489075576902,1.295439659314905,0,465.6077997459244,0
TRX_101292,ACC_013,2026-01-14 11:00:00,102.11035757439777,4.63579984741636,-0.4901518698270581,0,102.11035757439777,0
TRX_101293,ACC_030,2026-01-14 11:15:00,103.41141953455137,4.6483390519815675,-0.4753210708545479,0,103.41141953455137,0
TRX_101294,ACC_023,2026-01-14 11:30:00,86.02960398532896,4.466248336467376,-0.690689660026838,0,86.02960398532896,0
TRX_101295,ACC_019,2026-01-14 11:45:00,119.97040396616585,4.795545920357483,-0.3012115042626087,0,119.97040396616585,0
TRX_101296,ACC_032,2026-01-14 12:00:00,279.85468804816287,5.637837411195056,0.6950124357733399,0,279.85468804816287,0
TRX_101297,ACC_030,2026-01-14 12:15:00,181.07293195084955,5.204407331812642,0.18237111610018497,0,181.07293195084955,0
TRX_101298,ACC_029,2026-01-14 12:30:00,118.33431550092486,4.781928928153398,-0.3173170612729291,0,118.33431550092486,0
TRX_101299,ACC_049,2026-01-14 12:45:00,151.4891777503625,5.027093627957898,-0.027347441665234225,0,151.4891777503625,0
TRX_101300,ACC_045,2026-01-14 13:00:00,119.39455019119785,4.790774267657557,-0.30685519733669686,0,119.39455019119785,0
TRX_101301,ACC_029,2026-01-14 13:15:00,78.81655985391507,4.37973099989345,-0.7930184177795547,0,78.81655985391507,0
TRX_101302,ACC_030,2026-01-14 13:30:00,66.06630332543885,4.205681731930058,-0.9988759497349617,0,66.06630332543885,0
TRX_101303,ACC_016,2026-01-14 13:45:00,,,0.11025244428426656,0,,1
TRX_101304,ACC_040,2026-01-14 14:00:00,206.66065585492555,5.335905285181625,0.3379008948489225,0,206.66065585492555,0
TRX_101305,ACC_019,2026-01-14 14:15:00,344.80472310265907,5.845874231636709,0.9410688938848243,0,344.80472310265907,0
TRX_101306,ACC_018,2026-01-14 14:30:00,189.24198878233733,5.248296886958147,0.23428167916428633,0,189.24198878233733,0
TRX_101307,ACC_001,2026-01-14 14:45:00,19.113323872000716,3.0013824746616695,-2.423266156817845,0,19.113323872000716,0
TRX_101308,ACC_014,2026-01-14 15:00:00,,,0.11025244428426656,0,,1
TRX_101309,ACC_047,2026-01-14 15:15:00,98.42927775848432,4.599446615146676,-0.5331488140900628,0,98.42927775848432,0
TRX_101310,ACC_050,2026-01-14 15:30:00,67.41816640969402,4.225638380150516,-0.9752721368787658,0,67.41816640969402,0
TRX_101311,ACC_002,2026-01-14 15:45:00,43.813872434839745,3.8025177440518663,-1.4757199174749496,0,43.813872434839745,0
TRX_101312,ACC_028,2026-01-14 16:00:00,67.250288985572,4.22318166827694,-0.9781778235785017,0,67.250288985572,0
TRX_101313,ACC_049,2026-01-14 16:15:00,69.23772963888335,4.251885625895628,-0.9442280923220702,0,69.23772963888335,0
TRX_101314,ACC_050,2026-01-14 16:30:00,32.86067675386617,3.5222543633294188,-1.8072026552543266,0,32.86067675386617,0
TRX_101315,ACC_030,2026-01-14 16:45:00,69.30114806804337,4.252788129665395,-0.9431606520461155,0,69.30114806804337,0
TRX_101316,ACC_038,2026-01-14 17:00:00,244.6326071979292,5.503836952924314,0.536522808420754,0,244.6326071979292,0
TRX_101317,ACC_004,2026-01-14 17:15:00,392.8620902715901,5.976000823333598,1.094976688625591,0,392.8620902715901,0
TRX_101318,ACC_001,2026-01-14 17:30:00,20.998849596452747,3.0909901609207604,-2.3172822744759167,0,20.998849596452747,0
TRX_101319,ACC_008,2026-01-14 17:45:00,306.15055871222256,5.727338046629029,0.8008697032842471,0,306.15055871222256,0
TRX_101320,ACC_029,2026-01-14 18:00:00,144.79503142368878,4.982201740967063,-0.08044351709772685,0,144.79503142368878,0
TRX_101321,ACC_039,2026-01-14 18:15:00,45.77163359310997,3.8452768993533897,-1.4251463397640627,0,45.77163359310997,0
TRX_101322,ACC_003,2026-01-14 18:30:00,117.5193083453488,4.775075886925164,-0.32542252572067243,0,117.5193083453488,0
TRX_101323,ACC_032,2026-01-14 18:45:00,235.1841490666613,5.46461179341091,0.4901290796652561,0,235.1841490666613,0
TRX_101324,ACC_010,2026-01-14 19:00:00,170.06251491535792,5.142029073993341,0.10859295918739514,0,170.06251491535792,0
TRX_101325,ACC_010,2026-01-14 19:15:00,28.039412838078338,3.36865397067775,-1.988874190611227,0,28.039412838078338,0
TRX_101326,ACC_019,2026-01-14 19:30:00,159.40365933390822,5.077693508974604,0.03249978863467836,0,159.40365933390822,0
TRX_101327,ACC_046,2026-01-14 19:45:00,280.453864948572,5.639968544089943,0.6975330425138565,0,280.453864948572,0
TRX_101328,ACC_034,2026-01-14 20:00:00,250.31617103893439,5.526711792017343,0.5635781242785511,0,250.31617103893439,0
TRX_101329,ACC_033,2026-01-14 20:15:00,121.44753674395395,4.807682666772433,-0.2868567144253104,0,121.44753674395395,0
TRX_101330,ACC_023,2026-01-14 20:30:00,164.74576435636976,5.11045507432841,0.07124867316402234,0,164.74576435636976,0
TRX_101331,ACC_028,2026-01-14 20:45:00,127.06765333943967,4.852558666005016,-0.23377943030829043,0,127.06765333943967,0
TRX_101332,ACC_032,2026-01-14 21:00:00,239.75855761721988,5.483794595704738,0.5128176228714617,0,239.75855761721988,0
TRX_101333,ACC_050,2026-01-14 21:15:00,250.50515495230408,5.527463486157983,0.5644671938068991,0,250.50515495230408,0
TRX_101334,ACC_007,2026-01-14 21:30:00,14.00549260612704,2.7084163078187697,-2.769773170368745,0,14.00549260612704,0
TRX_101335,ACC_029,2026-01-14 21:45:00,281.9165462280504,5.645151964501202,0.7036637556471825,0,281.9165462280504,0
TRX_101336,ACC_008,2026-01-14 22:00:00,228.74953761423177,5.4369897486733,0.45745898559486775,0,228.74953761423177,0
TRX_101337,ACC_001,2026-01-14 22:15:00,97.36847173793001,4.588720343548845,-0.5458353586762621,0,97.36847173793001,0
TRX_101338,ACC_003,2026-01-14 22:30:00,338.1870288181918,5.826551662674155,0.9182150410406618,0,338.1870288181918,0
TRX_101339,ACC_024,2026-01-14 22:45:00,127.19956686539864,4.853588165895828,-0.2325617848154318,0,127.19956686539864,0
TRX_101340,ACC_023,2026-01-14 23:00:00,80.92256867578816,4.405774516705229,-0.7622153345086756,0,80.92256867578816,0
TRX_101341,ACC_008,2026-01-14 23:15:00,98.59972322971896,4.601159385768609,-0.5311230271553484,0,98.59972322971896,0
TRX_101342,ACC_047,2026-01-14 23:30:00,172.97764644560044,5.158926822258272,0.12857884475948564,0,172.97764644560044,0
TRX_101343,ACC_037,2026-01-14 23:45:00,117.12919769698406,4.771778921241641,-0.32932202628446966,0,117.12919769698406,0
TRX_101344,ACC_003,2026-01-15 00:00:00,96.26463909343047,4.57743550169368,-0.5591825546742364,0,96.26463909343047,0
TRX_101345,ACC_033,2026-01-15 00:15:00,83.39872174198922,4.435552256250126,-0.7269955829885897,0,83.39872174198922,0
TRX_101346,ACC_028,2026-01-15 00:30:00,258.18923508267903,5.557558432298846,0.6000621228139659,0,258.18923508267903,0
TRX_101347,ACC_047,2026-01-15 00:45:00,243.93433192260954,5.50099014164853,0.5331557299490477,0,243.93433192260954,0
TRX_101348,ACC_008,2026-01-15 01:00:00,20.04199191126745,3.0465200559770995,-2.3698794853497103,0,20.04199191126745,0
TRX_101349,ACC_034,2026-01-15 01:15:00,103.90590021081232,4.653063759872096,-0.4697329019588357,0,103.90590021081232,0
TRX_101350,ACC_035,2026-01-15 01:30:00,276.7398687348793,5.626684951652412,0.6818218155337644,0,276.7398687348793,0
TRX_101351,ACC_032,2026-01-15 01:45:00,156.66675057441685,5.060483632008144,0.012144731477432757,0,156.66675057441685,0
TRX_101352,ACC_024,2026-01-15 02:00:00,289.936585618147,5.67310532458575,0.7367257143913939,0,289.936585618147,0
TRX_101353,ACC_014,2026-01-15 02:15:00,356.303437138415,5.878585384737964,0.9797581531022557,0,356.303437138415,0
TRX_101354,ACC_032,2026-01-15 02:30:00,354.0279095475663,5.872196404828997,0.9722015592069606,0,354.0279095475663,0
TRX_101355,ACC_046,2026-01-15 02:45:00,316.2223774442423,5.759603034070122,0.8390312581182072,0,316.2223774442423,0
TRX_101356,ACC_043,2026-01-15 03:00:00,135.0185215429352,4.912791064279033,-0.1625392981461012,0,135.0185215429352,0
TRX_101357,ACC_016,2026-01-15 03:15:00,109.95802327996356,4.709151961139561,-0.40339433690858245,0,109.95802327996356,0
TRX_101358,ACC_004,2026-01-15 03:30:00,146.9786524117905,4.997068022899584,-0.06286035720402484,0,146.9786524117905,0
TRX_101359,ACC_037,2026-01-15 03:45:00,118.2693192403369,4.781384122855138,-0.3179614321192331,0,118.2693192403369,0
TRX_101360,ACC_021,2026-01-15 04:00:00,322.39109330195805,5.778862405953479,0.8618103643408953,0,322.39109330195805,0
TRX_101361,ACC_014,2026-01-15 04:15:00,244.71572144708355,5.5041752638337105,0.5369229471266319,0,244.71572144708355,0
TRX_101362,ACC_031,2026-01-15 04:30:00,,,0.11025244428426656,0,,1
TRX_101363,ACC_048,2026-01-15 04:45:00,51.099194916364766,3.9531494959789826,-1.2975595549024543,0,51.099194916364766,0
TRX_101364,ACC_018,2026-01-15 05:00:00,241.1185793476125,5.489427603451393,0.5194800873895892,0,241.1185793476125,0
TRX_101365,ACC_007,2026-01-15 05:15:00,356.13014736449276,5.878100273788313,0.9791843860075223,0,356.13014736449276,0
TRX_101366,ACC_010,2026-01-15 05:30:00,94.67249086979875,4.560930805410502,-0.5787035562980022,0,94.67249086979875,0
TRX_101367,ACC_007,2026-01-15 05:45:00,329.96842645302394,5.80202298246786,0.8892036373819382,0,329.96842645302394,0
TRX_101368,ACC_033,2026-01-15 06:00:00,227.73623325607244,5.432569519857477,0.45223094065477154,0,227.73623325607244,0
TRX_101369,ACC_023,2026-01-15 06:15:00,677.1395570076213,6.519353103053438,1.7376289709034833,1,677.1395570076213,0
TRX_101370,ACC_021,2026-01-15 06:30:00,144.63586157899653,4.981109407488762,-0.08173547929065358,0,144.63586157899653,0
TRX_101371,ACC_019,2026-01-15 06:45:00,100.15810186019671,4.616684657887059,-0.5127604437406776,0,100.15810186019671,0
TRX_101372,ACC_048,2026-01-15 07:00:00,297.6101269996781,5.699138799465283,0.7675169205230448,0,297.6101269996781,0
TRX_101373,ACC_019,2026-01-15 07:15:00,86.52998111605397,4.471981376001766,-0.6839088824748142,0,86.52998111605397,0
TRX_101374,ACC_036,2026-01-15 07:30:00,171.68748679351896,5.151483526207448,0.11977525384200835,0,171.68748679351896,0
TRX_101375,ACC_029,2026-01-15 07:45:00,209.39264014626525,5.348975499958314,0.35335974846858936,0,209.39264014626525,0
TRX_101376,ACC_018,2026-01-15 08:00:00,289.80760606257576,5.6726619009657835,0.7362012531679418,0,289.80760606257576,0
TRX_101377,ACC_002,2026-01-15 08:15:00,361.1368208599441,5.892022098594213,0.9956504851091911,0,361.1368208599441,0
TRX_101378,ACC_001,2026-01-15 08:30:00,572.3654821566146,6.351523353096306,1.5391276010377104,1,572.3654821566146,0
TRX_101379,ACC_047,2026-01-15 08:45:00,28.232395944060734,3.375277544428318,-1.9810401298250397,0,28.232395944060734,0
TRX_101380,ACC_005,2026-01-15 09:00:00,547.1833405425942,6.306609794028215,1.4860058928611761,1,547.1833405425942,0
TRX_101381,ACC_020,2026-01-15 09:15:00,45.619045156326195,3.8420091519805792,-1.4290112822432348,0,45.619045156326195,0
TRX_101382,ACC_011,2026-01-15 09:30:00,67.80359974840209,4.231256065495002,-0.9686277949987344,0,67.80359974840209,0
TRX_101383,ACC_042,2026-01-15 09:45:00,265.8262756373924,5.586597793590221,0.6344085542293586,0,265.8262756373924,0
TRX_101384,ACC_002,2026-01-15 10:00:00,184.34183251398747,5.222201863419407,0.2034176760871056,0,184.34183251398747,0
TRX_101385,ACC_003,2026-01-15 10:15:00,60.73510736188005,4.12285277009457,-1.0968422661544508,0,60.73510736188005,0
TRX_101386,ACC_023,2026-01-15 10:30:00,252.09422729224457,5.533761859279295,0.5719166221283112,0,252.09422729224457,0
TRX_101387,ACC_012,2026-01-15 10:45:00,144.08309504858224,4.977306647579637,-0.08623321018416212,0,144.08309504858224,0
TRX_101388,ACC_020,2026-01-15 11:00:00,30.680588855905967,3.4557041543967717,-1.8859152055700965,0,30.680588855905967,0
TRX_101389,ACC_005,2026-01-15 11:15:00,371.0567313905983,5.9190463463838014,1.027613532228046,0,371.0567313905983,0
TRX_101390,ACC_037,2026-01-15 11:30:00,81.64743491227416,4.414583788241249,-0.75179613011931,0,81.64743491227416,0
TRX_101391,ACC_038,2026-01-15 11:45:00,61.298541370205115,4.131938012521006,-1.0860966559889658,0,61.298541370205115,0
TRX_101392,ACC_030,2026-01-15 12:00:00,171.7727776799609,5.151977307385465,0.12035927568721368,0,171.7727776799609,0
TRX_101393,ACC_009,2026-01-15 12:15:00,73.24803030419949,4.307411249441369,-0.8785549185296049,0,73.24803030419949,0
TRX_101394,ACC_034,2026-01-15 12:30:00,251.23377539164875,5.5303563376077385,0.5678887264954796,0,251.23377539164875,0
TRX_101395,ACC_044,2026-01-15 12:45:00,7097.296628879116,8.86761012282058,4.515040218550318,1,732.128172029599,1
TRX_101396,ACC_035,2026-01-15 13:00:00,211.46860159270423,5.358794220236496,0.36497288276716167,0,211.46860159270423,0
TRX_101397,ACC_022,2026-01-15 13:15:00,94.13265957985661,4.555272334147619,-0.5853961379011754,0,94.13265957985661,0
TRX_101398,ACC_044,2026-01-15 13:30:00,181.67757067377792,5.207722689967909,0.1862923704402781,0,181.67757067377792,0
TRX_101399,ACC_024,2026-01-15 13:45:00,76.1912495001645,4.346286102162845,-0.8325755166624491,0,76.1912495001645,0
TRX_101400,ACC_017,2026-01-15 14:00:00,127.75471600090363,4.857909168006247,-0.2274511006945877,0,127.75471600090363,0
TRX_101401,ACC_010,2026-01-15 14:15:00,161.0926000700136,5.088167777298716,0.044888275248101114,0,161.0926000700136,0
TRX_101402,ACC_030,2026-01-15 14:30:00,25.965770376638964,3.2945682978837403,-2.0764993437249903,0,25.965770376638964,0
TRX_101403,ACC_046,2026-01-15 14:45:00,335.98847373396586,5.820048727197606,0.910523665700036,0,335.98847373396586,0
TRX_101404,ACC_023,2026-01-15 15:00:00,39.46316358886779,3.700392019213472,-1.5965095646271035,0,39.46316358886779,0
TRX_101405,ACC_032,2026-01-15 15:15:00,65.87472732837753,4.202821127875186,-1.0022593416763828,0,65.87472732837753,0
TRX_101406,ACC_017,2026-01-15 15:30:00,78.32253090802742,4.373522210707202,-0.8003618903104547,0,78.32253090802742,0
TRX_101407,ACC_050,2026-01-15 15:45:00,242.78712760426515,5.496295416655163,0.5276030234559228,0,242.78712760426515,0
TRX_101408,ACC_017,2026-01-15 16:00:00,103.6131403256168,4.650269168268608,-0.4730382173850314,0,103.6131403256168,0
TRX_101409,ACC_014,2026-01-15 16:15:00,470.8122742278674,6.156581182378849,1.3085588970867923,0,470.8122742278674,0
TRX_101410,ACC_009,2026-01-15 16:30:00,491.36843841185345,6.19922729479832,1.3589987728351438,0,491.36843841185345,0
TRX_101411,ACC_040,2026-01-15 16:45:00,249.95960281710987,5.525291981227002,0.5618988368643419,0,249.95960281710987,0
TRX_101412,ACC_002,2026-01-15 17:00:00,82.41049968815632,4.423774196981965,-0.7409261340362288,0,82.41049968815632,0
TRX_101413,ACC_045,2026-01-15 17:15:00,135.95096074161455,4.9196229109573135,-0.15445890164489698,0,135.95096074161455,0
TRX_101414,ACC_025,2026-01-15 17:30:00,172.06457105248495,5.153664767937856,0.12235512702661977,0,172.06457105248495,0
TRX_101415,ACC_039,2026-01-15 17:45:00,331.64609377830413,5.80707914338125,0.8951838337882727,0,331.64609377830413,0
TRX_101416,ACC_009,2026-01-15 18:00:00,129.8561818126467,4.874098871365349,-0.20830265832770706,0,129.8561818126467,0
TRX_101417,ACC_022,2026-01-15 18:15:00,78.10134139334578,4.370729832826353,-0.8036645874465292,0,78.10134139334578,0
TRX_101418,ACC_043,2026-01-15 18:30:00,54.17296569033269,4.010473081328647,-1.2297598339326479,0,54.17296569033269,0
TRX_101419,ACC_046,2026-01-15 18:45:00,345.32199518333005,5.847368964214756,0.942836795370712,0,345.32199518333005,0
TRX_101420,ACC_004,2026-01-15 19:00:00,250.32027724995078,5.526728130709177,0.5635974489376876,0,250.32027724995078,0
TRX_101421,ACC_026,2026-01-15 19:15:00,6021.750574106543,8.70329933995087,4.320700922378539,1,732.128172029599,1
TRX_101422,ACC_029,2026-01-15 19:30:00,129.13294842472965,4.868556608064683,-0.21485779445595596,0,129.13294842472965,0
TRX_101423,ACC_045,2026-01-15 19:45:00,63.95238051576273,4.1736543939578565,-1.036756423621504,0,63.95238051576273,0
TRX_101424,ACC_034,2026-01-15 20:00:00,584.7296709971312,6.372858370848177,1.5643616864780965,1,584.7296709971312,0
TRX_101425,ACC_023,2026-01-15 20:15:00,184.8718561685954,5.225057490951177,0.20679518202408956,0,184.8718561685954,0
TRX_101426,ACC_037,2026-01-15 20:30:00,36.413153011681345,3.6220223273981946,-1.6892016599514696,0,36.413153011681345,0
TRX_101427,ACC_011,2026-01-15 20:45:00,43.716087324514206,3.8003333322757094,-1.4783035400450173,0,43.716087324514206,0
TRX_101428,ACC_006,2026-01-15 21:00:00,115.57612421557522,4.758544486358588,-0.34497511195227515,0,115.57612421557522,0
TRX_101429,ACC_018,2026-01-15 21:15:00,75.13037342089306,4.332447310348691,-0.8489434081304312,0,75.13037342089306,0
TRX_101430,ACC_021,2026-01-15 21:30:00,157.17596490696027,5.063708115263814,0.015958503133072774,0,157.17596490696027,0
TRX_101431,ACC_042,2026-01-15 21:45:00,237.5378216643693,5.474527879157662,0.501857373397086,0,237.5378216643693,0
TRX_101432,ACC_036,2026-01-15 22:00:00,68.43906807279096,4.240449649651309,-0.9577540431789934,0,68.43906807279096,0
TRX_101433,ACC_041,2026-01-15 22:15:00,122.7943694083766,4.818621877862202,-0.27391831472487177,0,122.7943694083766,0
TRX_101434,ACC_038,2026-01-15 22:30:00,52.11810061909462,3.972517748111256,-1.274651670089756,0,52.11810061909462,0
TRX_101435,ACC_034,2026-01-15 22:45:00,487.08529371261415,6.190490172778498,1.3486649036012206,0,487.08529371261415,0
TRX_101436,ACC_017,2026-01-15 23:00:00,237.32668856856938,5.473642373505363,0.5008100377188162,0,237.32668856856938,0
TRX_101437,ACC_037,2026-01-15 23:15:00,245.5053862924505,5.507383844329005,0.5407179097229727,0,245.5053862924505,0
TRX_101438,ACC_025,2026-01-15 23:30:00,224.2514364288661,5.417217273510805,0.4340730042274719,0,224.2514364288661,0
TRX_101439,ACC_038,2026-01-15 23:45:00,74.53893256527581,4.324648186462679,-0.858167855974283,0,74.53893256527581,0
TRX_101440,ACC_012,2026-01-16 00:00:00,187.41655191635928,5.238655213465596,0.22287794772478464,0,187.41655191635928,0
TRX_101441,ACC_023,2026-01-16 00:15:00,181.31860374832624,5.205755726660661,0.1839659359966583,0,181.31860374832624,0
TRX_101442,ACC_042,2026-01-16 00:30:00,191.23810168405663,5.258734716660651,0.24662706783883312,0,191.23810168405663,0
TRX_101443,ACC_022,2026-01-16 00:45:00,86.63642680932199,4.473196742665174,-0.6824714022447753,0,86.63642680932199,0
TRX_101444,ACC_021,2026-01-16 01:00:00,91.58982304604451,4.5281792333018975,-0.6174406212729315,0,91.58982304604451,0
TRX_101445,ACC_027,2026-01-16 01:15:00,308.5577259262667,5.735144588226763,0.81010292445904,0,308.5577259262667,0
TRX_101446,ACC_031,2026-01-16 01:30:00,117.14371969020169,4.771901846826142,-0.329176635512444,0,117.14371969020169,0
TRX_101447,ACC_006,2026-01-16 01:45:00,308.6352121008889,5.735394869424328,0.8103989456387236,0,308.6352121008889,0
TRX_101448,ACC_027,2026-01-16 02:00:00,87.15069385212576,4.479047780079217,-0.6755510621851616,0,87.15069385212576,0
TRX_101449,ACC_040,2026-01-16 02:15:00,84.16218056031809,4.444557445149767,-0.7163446564816064,0,84.16218056031809,0
TRX_101450,ACC_034,2026-01-16 02:30:00,80.68724100006945,4.402897820760525,-0.7656177592030873,0,80.68724100006945,0
TRX_101451,ACC_012,2026-01-16 02:45:00,152.95880559792266,5.036685070512776,-0.016003121086680405,0,152.95880559792266,0
TRX_101452,ACC_045,2026-01-16 03:00:00,321.32641607376695,5.7755647465976265,0.8579100433331205,0,321.32641607376695,0
TRX_101453,ACC_007,2026-01-16 03:15:00,91.27209672264583,4.524741785106488,-0.6215062781413099,0,91.27209672264583,0
TRX_101454,ACC_010,2026-01-16 03:30:00,86.53062126161808,4.471988689418439,-0.683900232499298,0,86.53062126161808,0
TRX_101455,ACC_045,2026-01-16 03:45:00,190.7069311026509,5.25596780538469,0.24335449144093152,0,190.7069311026509,0
TRX_101456,ACC_017,2026-01-16 04:00:00,43.24437643962896,3.7897282772677343,-1.490846715180073,0,43.24437643962896,0
TRX_101457,ACC_026,2026-01-16 04:15:00,333.25852461431083,5.811914719364575,0.900903132405027,0,333.25852461431083,0
TRX_101458,ACC_021,2026-01-16 04:30:00,158.8457896269842,5.074209535634306,0.02837910394795562,0,158.8457896269842,0
TRX_101459,ACC_028,2026-01-16 04:45:00,8063.955833812818,8.995283514265681,4.666046479977361,1,732.128172029599,1
TRX_101460,ACC_046,2026-01-16 05:00:00,352.1260699717992,5.86682513190475,0.9658486626933311,0,352.1260699717992,0
TRX_101461,ACC_002,2026-01-16 05:15:00,426.3717319249737,6.057654201074361,1.1915525778219278,0,426.3717319249737,0
TRX_101462,ACC_043,2026-01-16 05:30:00,138.74137298757458,4.939793378377129,-0.1306021931966694,0,138.74137298757458,0
TRX_101463,ACC_001,2026-01-16 05:45:00,86.10542234928216,4.467119136217893,-0.6896597178181377,0,86.10542234928216,0
TRX_101464,ACC_036,2026-01-16 06:00:00,116.82396770193333,4.769191711489287,-0.332382059920362,0,116.82396770193333,0
TRX_101465,ACC_026,2026-01-16 06:15:00,83.97308525769876,4.442334562320938,-0.7189737808572695,0,83.97308525769876,0
TRX_101466,ACC_029,2026-01-16 06:30:00,62.54142759422252,4.151692096234909,-1.0627324271877292,0,62.54142759422252,0
TRX_101467,ACC_021,2026-01-16 06:45:00,54.64146891565298,4.018928767059975,-1.2197588346982937,0,54.64146891565298,0
TRX_101468,ACC_011,2026-01-16 07:00:00,121.8202999930583,4.810722311440676,-0.2832615614163496,0,121.8202999930583,0
TRX_101469,ACC_040,2026-01-16 07:15:00,,,0.11025244428426656,0,,1
TRX_101470,ACC_011,2026-01-16 07:30:00,174.55148960719225,5.1679323879512244,0.1392302169204036,0,174.55148960719225,0
TRX_101471,ACC_036,2026-01-16 07:45:00,215.68797837144058,5.378458431098718,0.3882308140604956,0,215.68797837144058,0
TRX_101472,ACC_049,2026-01-16 08:00:00,192.25471278554315,5.2640090741587535,0.2528653372088496,0,192.25471278554315,0
TRX_101473,ACC_039,2026-01-16 08:15:00,30.497739596035533,3.449915784400783,-1.8927614254672673,0,30.497739596035533,0
TRX_101474,ACC_040,2026-01-16 08:30:00,109.0362907003221,4.700810226839752,-0.41326055958955143,0,109.0362907003221,0
TRX_101475,ACC_035,2026-01-16 08:45:00,161.43709284004183,5.090290805834762,0.047399296522796605,0,161.43709284004183,0
TRX_101476,ACC_034,2026-01-16 09:00:00,147.91971199257446,5.003407315028529,-0.05536253174759505,0,147.91971199257446,0
TRX_101477,ACC_047,2026-01-16 09:15:00,97.02974602951008,4.585270963527752,-0.549915127963587,0,97.02974602951008,0
TRX_101478,ACC_024,2026-01-16 09:30:00,178.41099864891606,5.189679255710412,0.16495141975596242,0,178.41099864891606,0
TRX_101479,ACC_022,2026-01-16 09:45:00,351.10476886263916,5.863928770126768,0.9624229781487074,0,351.10476886263916,0
TRX_101480,ACC_005,2026-01-16 10:00:00,228.8026146671297,5.437220743361805,0.4577321955717144,0,228.8026146671297,0
TRX_101481,ACC_033,2026-01-16 10:15:00,307.6918457807627,5.732343516454875,0.8067899445853628,0,307.6918457807627,0
TRX_101482,ACC_036,2026-01-16 10:30:00,378.9261971343723,5.939977015790219,1.0523693728965966,0,378.9261971343723,0
TRX_101483,ACC_047,2026-01-16 10:45:00,292.01469371380034,5.680222756953496,0.7451438886142921,0,292.01469371380034,0
TRX_101484,ACC_020,2026-01-16 11:00:00,355.7506725841476,5.877037141664622,0.9779269618443162,0,355.7506725841476,0
TRX_101485,ACC_019,2026-01-16 11:15:00,20.557734208950265,3.070734648168963,-2.3412395706620366,0,20.557734208950265,0
TRX_101486,ACC_035,2026-01-16 11:30:00,183.87228253629826,5.219665221998246,0.20041745236581987,0,183.87228253629826,0
TRX_101487,ACC_043,2026-01-16 11:45:00,71.99548073049954,4.2903975314306475,-0.8986779678251011,0,71.99548073049954,0
TRX_101488,ACC_017,2026-01-16 12:00:00,248.46687783678593,5.519326152217781,0.5548427265441048,0,248.46687783678593,0
TRX_101489,ACC_045,2026-01-16 12:15:00,274.838505894816,5.619815570896042,0.6736970254377451,0,274.838505894816,0
TRX_101490,ACC_043,2026-01-16 12:30:00,73.59074027129812,4.312016374455941,-0.8731081868027857,0,73.59074027129812,0
TRX_101491,ACC_034,2026-01-16 12:45:00,286.6782853593148,5.661842791029518,0.723404903631429,0,286.6782853593148,0
TRX_101492,ACC_009,2026-01-16 13:00:00,156.05805320684846,5.056615502650555,0.0075696845832104375,0,156.05805320684846,0
TRX_101493,ACC_026,2026-01-16 13:15:00,160.20547461101125,5.082679791102615,0.038397335602366064,0,160.20547461101125,0
TRX_101494,ACC_002,2026-01-16 13:30:00,287.2648233864265,5.6638795832785345,0.725813928560948,0,287.2648233864265,0
TRX_101495,ACC_009,2026-01-16 13:45:00,81.59992534979344,4.414008776770997,-0.7524762274474814,0,81.59992534979344,0
TRX_101496,ACC_009,2026-01-16 14:00:00,14289.419790963075,9.56734464704688,5.342654283617886,1,732.128172029599,1
TRX_101497,ACC_040,2026-01-16 14:15:00,82.05533906673298,4.41950712137084,-0.7459730363544738,0,82.05533906673298,0
TRX_101498,ACC_017,2026-01-16 14:30:00,154.8627958798869,5.04897610666006,-0.0014658443945044343,0,154.8627958798869,0
TRX_101499,ACC_001,2026-01-16 14:45:00,81.56518224033324,4.4135880691472185,-0.7529738212272153,0,81.56518224033324,0
TRX_101500,ACC_025,2026-01-16 15:00:00,193.69960048986638,5.271457860449322,0.261675421731367,0,193.69960048986638,0
TRX_101501,ACC_043,2026-01-16 15:15:00,189.0441555200727,5.247256442634443,0.23305108909561842,0,189.0441555200727,0
TRX_101502,ACC_040,2026-01-16 15:30:00,171.53007174282206,5.150571550221786,0.11869661026132666,0,171.53007174282206,0
TRX_101503,ACC_042,2026-01-16 15:45:00,110.12346251111084,4.710641858067811,-0.401632154808615,0,110.12346251111084,0
TRX_101504,ACC_025,2026-01-16 16:00:00,264.97168384448315,5.583389851402844,0.6306143465944946,0,264.97168384448315,0
TRX_101505,ACC_039,2026-01-16 16:15:00,23.445302626142123,3.1964380758329773,-2.1925632925021548,0,23.445302626142123,0
TRX_101506,ACC_035,2026-01-16 16:30:00,137.53725765925338,4.93113929782119,-0.14083784477644815,0,137.53725765925338,0
TRX_101507,ACC_003,2026-01-16 16:45:00,315.10536980336184,5.756075606750051,0.8348591780470942,0,315.10536980336184,0
TRX_101508,ACC_050,2026-01-16 17:00:00,361.17443232879094,5.8921259530316945,0.9957733193987736,0,361.17443232879094,0
TRX_101509,ACC_037,2026-01-16 17:15:00,181.2792754614376,5.2055399915218485,0.183710774318866,0,181.2792754614376,0
TRX_101510,ACC_044,2026-01-16 17:30:00,182.04016543640256,5.209705612017524,0.1886376801561432,0,182.04016543640256,0
TRX_101511,ACC_044,2026-01-16 17:45:00,60.092875508533915,4.112395255590484,-1.1092109371140544,0,60.092875508533915,0
TRX_101512,ACC_030,2026-01-16 18:00:00,75.4795723996785,4.337023677719128,-0.8435306896328296,0,75.4795723996785,0
TRX_101513,ACC_038,2026-01-16 18:15:00,18.761199258580966,2.983720381701817,-2.4441560744166186,0,18.761199258580966,0
TRX_101514,ACC_034,2026-01-16 18:30:00,203.11432395332037,5.3186802484081985,0.3175279073637664,0,203.11432395332037,0
TRX_101515,ACC_012,2026-01-16 18:45:00,494.3224366671612,6.205208937714514,1.366073587122931,0,494.3224366671612,0
TRX_101516,ACC_019,2026-01-16 19:00:00,358.324799967646,5.88422671474792,0.9864304608136548,0,358.324799967646,0
TRX_101517,ACC_037,2026-01-16 19:15:00,54.842985302413595,4.022543918744532,-1.215482998251893,0,54.842985302413595,0
TRX_101518,ACC_044,2026-01-16 19:30:00,69.18945542542359,4.251198092134423,-0.9450412758813798,0,69.18945542542359,0
TRX_101519,ACC_049,2026-01-16 19:45:00,330.09125055707904,5.802394018825243,0.8896424822543723,0,330.09125055707904,0
TRX_101520,ACC_017,2026-01-16 20:00:00,155.02741995695692,5.050031760758836,-0.00021726489793133153,0,155.02741995695692,0
TRX_101521,ACC_010,2026-01-16 20:15:00,49.39451280977949,3.9198822963284115,-1.3369064806049789,0,49.39451280977949,0
TRX_101522,ACC_049,2026-01-16 20:30:00,83.74534517728738,4.439650820590372,-0.7221479881120582,0,83.74534517728738,0
TRX_101523,ACC_047,2026-01-16 20:45:00,3.8023191462903685,1.56909895670898,-4.117305744092431,1,14.45445091828967,1
TRX_101524,ACC_012,2026-01-16 21:00:00,167.8606340157008,5.129073723916887,0.09326996229367635,0,167.8606340157008,0
TRX_101525,ACC_016,2026-01-16 21:15:00,387.73764409827294,5.962904679318295,1.079487167085691,0,387.73764409827294,0
TRX_101526,ACC_024,2026-01-16 21:30:00,173.67235970067156,5.162911988827904,0.1332923179274865,0,173.67235970067156,0
TRX_101527,ACC_019,2026-01-16 21:45:00,200.03816294836327,5.303494755451662,0.29956719923705155,0,200.03816294836327,0
TRX_101528,ACC_008,2026-01-16 22:00:00,622.6267374085479,6.4355520121601595,1.638512864594495,1,622.6267374085479,0
TRX_101529,ACC_031,2026-01-16 22:15:00,50.964931729269715,3.9505691012565856,-1.3006115280318968,0,50.964931729269715,0
TRX_101530,ACC_021,2026-01-16 22:30:00,386.7027448010846,5.960238924355419,1.0763342337589568,0,386.7027448010846,0
TRX_101531,ACC_017,2026-01-16 22:45:00,142.0648726049296,4.963298181969706,-0.10280178407525746,0,142.0648726049296,0
TRX_101532,ACC_023,2026-01-16 23:00:00,83.87333389846998,4.441159955623979,-0.7203630520589452,0,83.87333389846998,0
TRX_101533,ACC_037,2026-01-16 23:15:00,214.38215897062588,5.372413933857486,0.3810816585452142,0,214.38215897062588,0
TRX_101534,ACC_016,2026-01-16 23:30:00,98.56094558826722,4.6007699751267195,-0.5315836042930439,0,98.56094558826722,0
TRX_101535,ACC_006,2026-01-16 23:45:00,104.91791548128968,4.662664411871266,-0.45837768886981783,0,104.91791548128968,0
TRX_101536,ACC_008,2026-01-17 00:00:00,312.2518330643813,5.747007445520848,0.824133770742249,0,312.2518330643813,0
TRX_101537,ACC_025,2026-01-17 00:15:00,17220.66126161682,9.753923246128569,5.56333093668334,1,732.128172029599,1
TRX_101538,ACC_018,2026-01-17 00:30:00,171.0586194711332,5.147835229629299,0.1154602151279298,0,171.0586194711332,0
TRX_101539,ACC_025,2026-01-17 00:45:00,547.1281566487129,6.306509122104096,1.4858868227031754,1,547.1281566487129,0
TRX_101540,ACC_012,2026-01-17 01:00:00,116.88504967304287,4.769709994354805,-0.33176905859723793,0,116.88504967304287,0
TRX_101541,ACC_015,2026-01-17 01:15:00,685.9658500012921,6.532284582109518,1.752923734243582,1,685.9658500012921,0
TRX_101542,ACC_026,2026-01-17 01:30:00,428.9312141057665,6.063625228695599,1.1986148368232368,0,428.9312141057665,0
TRX_101543,ACC_041,2026-01-17 01:45:00,416.7895577335358,6.034977855352814,1.1647320308662976,0,416.7895577335358,0
TRX_101544,ACC_045,2026-01-17 02:00:00,277.851334443269,5.630678788347759,0.6865455433308272,0,277.851334443269,0
TRX_101545,ACC_026,2026-01-17 02:15:00,246.93760715680773,5.513177130467278,0.5475699442089043,0,246.93760715680773,0
TRX_101546,ACC_047,2026-01-17 02:30:00,200.7496387566249,5.307027516598889,0.3037455879155322,0,200.7496387566249,0
TRX_101547,ACC_032,2026-01-17 02:45:00,393.2618632387903,5.977015316040504,1.096176584306131,0,393.2618632387903,0
TRX_101548,ACC_010,2026-01-17 03:00:00,361.2765402244322,5.892407843456819,0.9961067265304261,0,361.2765402244322,0
TRX_101549,ACC_016,2026-01-17 03:15:00,226.66804381596353,5.4278886198564065,0.44669458573167514,0,226.66804381596353,0
TRX_101550,ACC_007,2026-01-17 03:30:00,116.63259674065678,4.767566180225219,-0.3343046641234879,0,116.63259674065678,0
TRX_101551,ACC_017,2026-01-17 03:45:00,37.57867913863491,3.652699769945786,-1.6529177807749182,0,37.57867913863491,0
TRX_101552,ACC_023,2026-01-17 04:00:00,278.2467741434669,5.632095886023919,0.6882216217973871,0,278.2467741434669,0
TRX_101553,ACC_026,2026-01-17 04:15:00,180.90852757880086,5.203503965012357,0.1813026550711141,0,180.90852757880086,0
TRX_101554,ACC_021,2026-01-17 04:30:00,293.03311556781915,5.68369239898128,0.7492476228785382,0,293.03311556781915,0
TRX_101555,ACC_022,2026-01-17 04:45:00,327.3537359482887,5.794091490517399,0.8798226306316571,0,327.3537359482887,0
TRX_101556,ACC_007,2026-01-17 05:00:00,11.205918167608955,2.501920929823978,-3.0140064806929665,0,11.205918167608955,0
TRX_101557,ACC_014,2026-01-17 05:15:00,108.27261880252486,4.693845849640527,-0.4214977071433145,0,108.27261880252486,0
TRX_101558,ACC_015,2026-01-17 05:30:00,121.96921998946107,4.811934080068045,-0.2818283367791536,0,121.96921998946107,0
TRX_101559,ACC_007,2026-01-17 05:45:00,48.10968151100272,3.894056194813319,-1.3674524149840013,0,48.10968151100272,0
TRX_101560,ACC_009,2026-01-17 06:00:00,231.8977200691652,5.450599387530079,0.47355584540154133,0,231.8977200691652,0
TRX_101561,ACC_048,2026-01-17 06:15:00,275.72853890353207,5.623037021711126,0.6775072104610372,0,275.72853890353207,0
TRX_101562,ACC_008,2026-01-17 06:30:00,195.9773992111313,5.283088997340001,0.2754321996952606,0,195.9773992111313,0
TRX_101563,ACC_050,2026-01-17 06:45:00,43.01896679547753,3.784620604570647,-1.496887837373586,0,43.01896679547753,0
TRX_101564,ACC_023,2026-01-17 07:00:00,250.8876804196388,5.528983275531547,0.5662647313271358,0,250.8876804196388,0
TRX_101565,ACC_029,2026-01-17 07:15:00,116.56311438467017,4.766975333073496,-0.3350034911730917,0,116.56311438467017,0
TRX_101566,ACC_018,2026-01-17 07:30:00,106.44370810157618,4.676967064850763,-0.4414611635823161,0,106.44370810157618,0
TRX_101567,ACC_031,2026-01-17 07:45:00,346.16995794975014,5.849814452400125,0.9457292072041931,0,346.16995794975014,0
TRX_101568,ACC_030,2026-01-17 08:00:00,483.07301568207714,6.182235754185847,1.3389019539543,0,483.07301568207714,0
TRX_101569,ACC_039,2026-01-17 08:15:00,261.3346691098909,5.569621051641886,0.6143292385331662,0,261.3346691098909,0
TRX_101570,ACC_035,2026-01-17 08:30:00,117.64159495462034,4.77610714138918,-0.3242028049986925,0,117.64159495462034,0
TRX_101571,ACC_018,2026-01-17 08:45:00,139.78865517279579,4.94725986642083,-0.12177117184831064,0,139.78865517279579,0
TRX_101572,ACC_042,2026-01-17 09:00:00,293.9872096764458,5.68693199837088,0.7530792732076138,0,293.9872096764458,0
TRX_101573,ACC_039,2026-01-17 09:15:00,33.18263013865574,3.5317176243658186,-1.7960099419266684,0,33.18263013865574,0
TRX_101574,ACC_017,2026-01-17 09:30:00,806.5417027181948,6.693994697996352,1.9441870801812873,1,732.128172029599,1
TRX_101575,ACC_014,2026-01-17 09:45:00,175.15897199500873,5.171386837325012,0.14331598200677204,0,175.15897199500873,0
TRX_101576,ACC_031,2026-01-17 10:00:00,165.56295082162,5.115373320977859,0.07706575087225223,0,165.56295082162,0
TRX_101577,ACC_024,2026-01-17 10:15:00,163.24453841921897,5.101356405178502,0.060487182482701185,0,163.24453841921897,0
TRX_101578,ACC_035,2026-01-17 10:30:00,77.41434732243138,4.362006912175244,-0.8139816599495736,0,77.41434732243138,0
TRX_101579,ACC_044,2026-01-17 10:45:00,354.63089893942174,5.873893392270396,0.974208678515956,0,354.63089893942174,0
TRX_101580,ACC_045,2026-01-17 11:00:00,226.67952165293633,5.4279390333771795,0.44675421254358283,0,226.67952165293633,0
TRX_101581,ACC_034,2026-01-17 11:15:00,25.159105876851935,3.2641973469854606,-2.1124207185645196,0,25.159105876851935,0
TRX_101582,ACC_003,2026-01-17 11:30:00,237.131606675782,5.472823490066305,0.49984149975427145,0,237.131606675782,0
TRX_101583,ACC_037,2026-01-17 11:45:00,305.2432069384767,5.724379580187543,0.7973705641775818,0,305.2432069384767,0
TRX_101584,ACC_043,2026-01-17 12:00:00,266.79261088940274,5.59021284097724,0.6386842673173908,0,266.79261088940274,0
TRX_101585,ACC_040,2026-01-17 12:15:00,232.8952972042493,5.4548735673779545,0.47861115028683576,0,232.8952972042493,0
TRX_101586,ACC_026,2026-01-17 12:30:00,400.1112454310272,5.994238808860248,1.1165477456733253,0,400.1112454310272,0
TRX_101587,ACC_023,2026-01-17 12:45:00,123.36744263709869,4.823240430915834,-0.2684557009261986,0,123.36744263709869,0
TRX_101588,ACC_044,2026-01-17 13:00:00,161.35254000322757,5.089770143657314,0.04678348105809448,0,161.35254000322757,0
TRX_101589,ACC_039,2026-01-17 13:15:00,65.91181230958018,4.203375518208516,-1.0016036340879815,0,65.91181230958018,0
TRX_101590,ACC_015,2026-01-17 13:30:00,,,0.11025244428426656,0,,1
TRX_101591,ACC_049,2026-01-17 13:45:00,58.48001864791984,4.085640435107706,-1.1408553179088825,0,58.48001864791984,0
TRX_101592,ACC_004,2026-01-17 14:00:00,266.69750553809394,5.589857632358477,0.6382641427719477,0,266.69750553809394,0
TRX_101593,ACC_029,2026-01-17 14:15:00,113.29905667209692,4.7388183176791925,-0.3683063241245117,0,113.29905667209692,0
TRX_101594,ACC_022,2026-01-17 14:30:00,164.7210038080352,5.110305674444266,0.07107196979845132,0,164.7210038080352,0
TRX_101595,ACC_025,2026-01-17 14:45:00,9.839789274052203,2.3832235561594666,-3.1543963178815058,0,9.839789274052203,0
TRX_101596,ACC_013,2026-01-17 15:00:00,276.43154665072274,5.625574224020151,0.6805080975748933,0,276.43154665072274,0
TRX_101597,ACC_018,2026-01-17 15:15:00,663.1801135587407,6.4985533680528995,1.7130279934754253,1,663.1801135587407,0
TRX_101598,ACC_033,2026-01-17 15:30:00,271.1438544945737,5.6063308033082295,0.6577478576698972,0,271.1438544945737,0
TRX_101599,ACC_016,2026-01-17 15:45:00,4.051870744435546,1.619758619132349,-4.057387807072654,1,14.45445091828967,1
TRX_101600,ACC_045,2026-01-17 16:00:00,227.56411566977235,5.431816764715996,0.4513406162230442,0,227.56411566977235,0
TRX_101601,ACC_042,2026-01-17 16:15:00,44.29301312155224,3.8131527848661118,-1.4631412764965452,0,44.29301312155224,0
TRX_101602,ACC_044,2026-01-17 16:30:00,55.9726275650116,4.042570934335192,-1.1917959580812163,0,55.9726275650116,0
TRX_101603,ACC_002,2026-01-17 16:45:00,265.53349749065933,5.585499929855867,0.6331100511019281,0,265.53349749065933,0
TRX_101604,ACC_035,2026-01-17 17:00:00,229.2072552303207,5.438980012864634,0.459812979260922,0,229.2072552303207,0
TRX_101605,ACC_042,2026-01-17 17:15:00,289.65577787654064,5.672139673105253,0.7355835858847345,0,289.65577787654064,0
TRX_101606,ACC_034,2026-01-17 17:30:00,230.588523929272,5.444962193215834,0.46688842920230994,0,230.588523929272,0
TRX_101607,ACC_030,2026-01-17 17:45:00,170.0887329296135,5.1421823279386185,0.1087742209606067,0,170.0887329296135,0
TRX_101608,ACC_013,2026-01-17 18:00:00,280.4187511103769,5.639843777536237,0.6973854743274626,0,280.4187511103769,0
TRX_101609,ACC_013,2026-01-17 18:15:00,35.24173755395296,3.5902114257746716,-1.7268261428011882,0,35.24173755395296,0
TRX_101610,ACC_018,2026-01-17 18:30:00,337.2934739957691,5.8239137850175915,0.9150950797197405,0,337.2934739957691,0
TRX_101611,ACC_032,2026-01-17 18:45:00,45.924582523966954,3.848541685767402,-1.421284899371843,0,45.924582523966954,0
TRX_101612,ACC_032,2026-01-17 19:00:00,221.85419384009552,5.406517718331913,0.42141805860247417,0,221.85419384009552,0
TRX_101613,ACC_035,2026-01-17 19:15:00,414.609532015802,6.029746194514997,1.1585442611577388,0,414.609532015802,0
TRX_101614,ACC_039,2026-01-17 19:30:00,61.38509630534411,4.133326405587755,-1.0844545280245725,0,61.38509630534411,0
TRX_101615,ACC_046,2026-01-17 19:45:00,297.129216111728,5.697527003636454,0.7656105619659461,0,297.129216111728,0
TRX_101616,ACC_029,2026-01-17 20:00:00,271.33938642988085,5.6070490327375895,0.6585973466648,0,271.33938642988085,0
TRX_101617,ACC_049,2026-01-17 20:15:00,187.5304701403454,5.239259639131743,0.2235928348216362,0,187.5304701403454,0
TRX_101618,ACC_029,2026-01-17 20:30:00,24.30540338876628,3.2310179456085857,-2.1516638004753146,0,24.30540338876628,0
TRX_101619,ACC_044,2026-01-17 20:45:00,225.466354289358,5.422596387705162,0.44043517503757534,0,225.466354289358,0
TRX_101620,ACC_016,2026-01-17 21:00:00,193.22585129649406,5.269021663869711,0.25879399958518173,0,193.22585129649406,0
TRX_101621,ACC_044,2026-01-17 21:15:00,311.5829737465674,5.74486994992234,0.8216056384862327,0,311.5829737465674,0
TRX_101622,ACC_047,2026-01-17 21:30:00,62.81311848609155,4.155958788118331,-1.057685978725101,0,62.81311848609155,0
TRX_101623,ACC_010,2026-01-17 21:45:00,400.4336091240076,5.995042162612971,1.11749791583352,0,400.4336091240076,0
TRX_101624,ACC_030,2026-01-17 22:00:00,184.2495611282448,5.221703895095089,0.20282870187632296,0,184.2495611282448,0
TRX_101625,ACC_025,2026-01-17 22:15:00,156.79916704206448,5.061323129830443,0.013137651193801541,0,156.79916704206448,0
TRX_101626,ACC_039,2026-01-17 22:30:00,413.6859061645734,6.027521381057674,1.1559128533227918,0,413.6859061645734,0
TRX_101627,ACC_020,2026-01-17 22:45:00,338.7739309127382,5.828280487379947,0.9202598160131876,0,338.7739309127382,0
TRX_101628,ACC_005,2026-01-17 23:00:00,334.3954335712419,5.81531023442237,0.9049191926717217,0,334.3954335712419,0
TRX_101629,ACC_001,2026-01-17 23:15:00,80.4938300274428,4.400527312196284,-0.7684214885621579,0,80.4938300274428,0
TRX_101630,ACC_030,2026-01-17 23:30:00,253.90546816410028,5.540892763345385,0.5803507300612715,0,253.90546816410028,0
TRX_101631,ACC_049,2026-01-17 23:45:00,34.311756522426876,3.564215954452857,-1.7575724000589426,0,34.311756522426876,0
TRX_101632,ACC_003,2026-01-18 00:00:00,94.89182768801035,4.563220761240597,-0.5759951010371075,0,94.89182768801035,0
TRX_101633,ACC_045,2026-01-18 00:15:00,101.4085648786048,4.628970350500286,-0.4982294871367479,0,101.4085648786048,0
TRX_101634,ACC_014,2026-01-18 00:30:00,285.89778407097566,5.6591259992592535,0.7201916062978193,0,285.89778407097566,0
TRX_101635,ACC_030,2026-01-18 00:45:00,366.87155785526244,5.907733849677411,1.0142336273339851,0,366.87155785526244,0
TRX_101636,ACC_050,2026-01-18 01:00:00,169.5075228012771,5.1387794177518495,0.10474941407281495,0,169.5075228012771,0
TRX_101637,ACC_004,2026-01-18 01:15:00,136.92059549452748,4.9266781245868,-0.14611431690645513,0,136.92059549452748,0
TRX_101638,ACC_018,2026-01-18 01:30:00,304.48555774394737,5.721902503333626,0.7944407907083912,0,304.48555774394737,0
TRX_101639,ACC_037,2026-01-18 01:45:00,187.28600281400986,5.237962098402072,0.22205816285577734,0,187.28600281400986,0
TRX_101640,ACC_025,2026-01-18 02:00:00,185.74904453439794,5.229765707718167,0.21236384597140073,0,185.74904453439794,0
TRX_101641,ACC_048,2026-01-18 02:15:00,100.79395620132891,4.622950733015378,-0.5053492160115604,0,100.79395620132891,0
TRX_101642,ACC_001,2026-01-18 02:30:00,189.45030593850115,5.249391299321333,0.23557610016739233,0,189.45030593850115,0
TRX_101643,ACC_046,2026-01-18 02:45:00,66.28463579715114,4.208931916340201,-0.9950317799266024,0,66.28463579715114,0
TRX_101644,ACC_015,2026-01-18 03:00:00,108.09605412711987,4.692228724697522,-0.4234103687334839,0,108.09605412711987,0
TRX_101645,ACC_009,2026-01-18 03:15:00,444.55003605504766,6.0993095549812875,1.2408206296117952,0,444.55003605504766,0
TRX_101646,ACC_015,2026-01-18 03:30:00,150.40380403038426,5.019950466383769,-0.03579604721937103,0,150.40380403038426,0
TRX_101647,ACC_049,2026-01-18 03:45:00,277.5686463388511,5.629664514951044,0.6853459070403729,0,277.5686463388511,0
TRX_101648,ACC_024,2026-01-18 04:00:00,106.65953352554911,4.678973780275097,-0.4390877121485699,0,106.65953352554911,0
TRX_101649,ACC_004,2026-01-18 04:15:00,432.28828584461525,6.07140329363455,1.2078143771054628,0,432.28828584461525,0
TRX_101650,ACC_012,2026-01-18 04:30:00,145.97319351471614,4.990250213106922,-0.07092415151744894,0,145.97319351471614,0
TRX_101651,ACC_037,2026-01-18 04:45:00,438.8552586098061,6.086445715088866,1.22560586678797,0,438.8552586098061,0
TRX_101652,ACC_037,2026-01-18 05:00:00,84.18034495912113,4.444770714253492,-0.7160924115175866,0,84.18034495912113,0
TRX_101653,ACC_043,2026-01-18 05:15:00,118.45596098609943,4.782947776135711,-0.316112014371377,0,118.45596098609943,0
TRX_101654,ACC_006,2026-01-18 05:30:00,135.320864064824,4.915011401564614,-0.1599131845228343,0,135.320864064824,0
TRX_101655,ACC_039,2026-01-18 05:45:00,121.58818516158713,4.808830649866373,-0.28549893240640106,0,121.58818516158713,0
TRX_101656,ACC_046,2026-01-18 06:00:00,313.2367038158414,5.750146535726672,0.8278465433951755,0,313.2367038158414,0
TRX_101657,ACC_024,2026-01-18 06:15:00,310.43043968285804,5.741176005691482,0.8172366098115168,0,310.43043968285804,0
TRX_101658,ACC_011,2026-01-18 06:30:00,204.27537081302484,5.3243523500139975,0.3242366103145635,0,204.27537081302484,0
TRX_101659,ACC_013,2026-01-18 06:45:00,275.6237346854033,5.622658224245627,0.6770591861040771,0,275.6237346854033,0
TRX_101660,ACC_034,2026-01-18 07:00:00,832.9256802235301,6.726144285946186,1.9822121457628799,1,732.128172029599,1
TRX_101661,ACC_025,2026-01-18 07:15:00,232.9839159874893,5.455252377899137,0.47905919008546166,0,232.9839159874893,0
TRX_101662,ACC_007,2026-01-18 07:30:00,304.2209919766697,5.721036078095681,0.7934160224735437,0,304.2209919766697,0
TRX_101663,ACC_004,2026-01-18 07:45:00,,,0.11025244428426656,0,,1
TRX_101664,ACC_008,2026-01-18 08:00:00,107.04905621449319,4.682585348203902,-0.434816114404939,0,107.04905621449319,0
TRX_101665,ACC_020,2026-01-18 08:15:00,52.615558971459905,3.9818393052721484,-1.2636265576398367,0,52.615558971459905,0
TRX_101666,ACC_029,2026-01-18 08:30:00,190.2072026654833,5.253357670752351,0.24026734330309724,0,190.2072026654833,0
TRX_101667,ACC_045,2026-01-18 08:45:00,177.6387488741008,5.1853656038917295,0.15984942922477743,0,177.6387488741008,0
TRX_101668,ACC_046,2026-01-18 09:00:00,37.365528265905354,3.6471593550097516,-1.6594707307418253,0,37.365528265905354,0
TRX_101669,ACC_010,2026-01-18 09:15:00,199.5358710264269,5.300993138606999,0.29660840098661184,0,199.5358710264269,0
TRX_101670,ACC_043,2026-01-18 09:30:00,,,0.11025244428426656,0,,1
TRX_101671,ACC_034,2026-01-18 09:45:00,345.79137529552565,5.848723375207074,0.9444387308881335,0,345.79137529552565,0
TRX_101672,ACC_026,2026-01-18 10:00:00,128.4664243289232,4.863421575931576,-0.22093127614193148,0,128.4664243289232,0
TRX_101673,ACC_041,2026-01-18 10:15:00,287.91230561645887,5.666123201291467,0.7284675775661831,0,287.91230561645887,0
TRX_101674,ACC_049,2026-01-18 10:30:00,262.1140802891768,5.572587703486854,0.617838058961555,0,262.1140802891768,0
TRX_101675,ACC_003,2026-01-18 10:45:00,259.0013444755881,5.560686802062112,0.6037622158166289,0,259.0013444755881,0
TRX_101676,ACC_006,2026-01-18 11:00:00,78.36001609155471,4.373994665743163,-0.7998030920529214,0,78.36001609155471,0
TRX_101677,ACC_005,2026-01-18 11:15:00,156.15854967677998,5.057255166324822,0.008326249588090895,0,156.15854967677998,0
TRX_101678,ACC_005,2026-01-18 11:30:00,377.14627540883083,5.935281092746275,1.0468152494039198,0,377.14627540883083,0
TRX_101679,ACC_047,2026-01-18 11:45:00,313.87503257017306,5.7521758381111905,0.8302467096547433,0,313.87503257017306,0
TRX_101680,ACC_023,2026-01-18 12:00:00,40.07629743455845,3.71543125038877,-1.578721848261041,0,40.07629743455845,0
TRX_101681,ACC_049,2026-01-18 12:15:00,268.0944144397472,5.595062301069086,0.6444199874241456,0,268.0944144397472,0
TRX_101682,ACC_009,2026-01-18 12:30:00,32.75957503563145,3.519264081841404,-1.8107394237462466,0,32.75957503563145,0
TRX_101683,ACC_035,2026-01-18 12:45:00,128.053081350169,4.860223803060265,-0.22471345597379672,0,128.053081350169,0
TRX_101684,ACC_020,2026-01-18 13:00:00,223.57893884465727,5.4142272660671384,0.4305365598627018,0,223.57893884465727,0
TRX_101685,ACC_049,2026-01-18 13:15:00,229.72512408412396,5.441227062952445,0.4624706875677115,0,229.72512408412396,0
TRX_101686,ACC_042,2026-01-18 13:30:00,37.743184522465825,3.6569548570388717,-1.6478850579287516,0,37.743184522465825,0
TRX_101687,ACC_035,2026-01-18 13:45:00,75.43337595456461,4.336419458821821,-0.8442453321729332,0,75.43337595456461,0
TRX_101688,ACC_050,2026-01-18 14:00:00,497.7555265759866,6.21211604899679,1.374243003163277,0,497.7555265759866,0
TRX_101689,ACC_018,2026-01-18 14:15:00,53.066674104086765,3.9902179905733677,-1.2537166310005425,0,53.066674104086765,0
TRX_101690,ACC_017,2026-01-18 14:30:00,98.03747172548576,4.5954982807983065,-0.5378187237874773,0,98.03747172548576,0
TRX_101691,ACC_024,2026-01-18 14:45:00,2.7096866888037363,1.3109474225959892,-4.422635598706815,1,14.45445091828967,1
TRX_101692,ACC_003,2026-01-18 15:00:00,561.9742774987787,6.333233938816693,1.5174957164077612,1,561.9742774987787,0
TRX_101693,ACC_032,2026-01-18 15:15:00,62.88841425719332,4.157138034415692,-1.0562912200157826,0,62.88841425719332,0
TRX_101694,ACC_035,2026-01-18 15:30:00,78.23282796148867,4.372390707404521,-0.8017001807842666,0,78.23282796148867,0
TRX_101695,ACC_038,2026-01-18 15:45:00,32.68049055363818,3.5169187543998306,-1.813513370022488,0,32.68049055363818,0
TRX_101696,ACC_013,2026-01-18 16:00:00,150.13161642076912,5.018151089090035,-0.03792426857346737,0,150.13161642076912,0
TRX_101697,ACC_047,2026-01-18 16:15:00,123.04678901659194,4.820658825212648,-0.27150910634845843,0,123.04678901659194,0
TRX_101698,ACC_025,2026-01-18 16:30:00,431.96174972539484,6.070649386283835,1.2069226898932313,0,431.96174972539484,0
TRX_101699,ACC_009,2026-01-18 16:45:00,403.7068153582521,6.003162892259546,1.127102744295497,0,403.7068153582521,0
TRX_101700,ACC_004,2026-01-18 17:00:00,599.3933543970246,6.3975850310721745,1.5936072518675626,1,599.3933543970246,0
TRX_101701,ACC_014,2026-01-18 17:15:00,251.82667767831686,5.532704185495741,0.570665653840745,0,251.82667767831686,0
TRX_101702,ACC_037,2026-01-18 17:30:00,60.34004531385274,4.116432897418352,-1.104435398605156,0,60.34004531385274,0
TRX_101703,ACC_034,2026-01-18 17:45:00,162.48188655982904,5.096702198633339,0.05498239936117956,0,162.48188655982904,0
TRX_101704,ACC_011,2026-01-18 18:00:00,76.72799810072897,4.353215528384925,-0.8243797075295756,0,76.72799810072897,0
TRX_101705,ACC_041,2026-01-18 18:15:00,42.159723996398,3.7649077454760205,-1.5202033075762995,0,42.159723996398,0
TRX_101706,ACC_003,2026-01-18 18:30:00,522.7593982064483,6.261032415144945,1.4320990488985819,0,522.7593982064483,0
TRX_101707,ACC_028,2026-01-18 18:45:00,292.18161523248375,5.680792264200975,0.745817475798936,0,292.18161523248375,0
TRX_101708,ACC_029,2026-01-18 19:00:00,263.02236706111836,5.576033823273822,0.621913972192728,0,263.02236706111836,0
TRX_101709,ACC_009,2026-01-18 19:15:00,32.65433709337189,3.516141936147066,-1.814432155204197,0,32.65433709337189,0
TRX_101710,ACC_003,2026-01-18 19:30:00,207.0893672214299,5.33796763753117,0.34034015109899185,0,207.0893672214299,0
TRX_101711,ACC_025,2026-01-18 19:45:00,124.30401101916262,4.830742872715789,-0.2595821551155793,0,124.30401101916262,0
TRX_101712,ACC_034,2026-01-18 20:00:00,186.8223793836461,5.235496725721557,0.2191422325488035,0,186.8223793836461,0
TRX_101713,ACC_012,2026-01-18 20:15:00,20.007019424661816,3.0448566401887867,-2.371846897639372,0,20.007019424661816,0
TRX_101714,ACC_042,2026-01-18 20:30:00,249.17195092516948,5.522148485134363,0.5581808531295401,0,249.17195092516948,0
TRX_101715,ACC_009,2026-01-18 20:45:00,14.531835598831522,2.742891827138636,-2.7289970992992516,0,14.531835598831522,0
TRX_101716,ACC_015,2026-01-18 21:00:00,147.96564712581204,5.003715723160688,-0.05499776068211314,0,147.96564712581204,0
TRX_101717,ACC_040,2026-01-18 21:15:00,211.85161263086778,5.360595268617872,0.3671030806074667,0,211.85161263086778,0
TRX_101718,ACC_025,2026-01-18 21:30:00,291.0657974722732,5.676979110693587,0.7413074518316812,0,291.0657974722732,0
TRX_101719,ACC_005,2026-01-18 21:45:00,225.61895053289624,5.423269974986337,0.4412318633367099,0,225.61895053289624,0
TRX_101720,ACC_011,2026-01-18 22:00:00,261.100984535203,5.568729866656541,0.6132751855989274,0,261.100984535203,0
TRX_101721,ACC_034,2026-01-18 22:15:00,220.57312948939426,5.400752690704113,0.4145994469932416,0,220.57312948939426,0
TRX_101722,ACC_024,2026-01-18 22:30:00,78.89424614334445,4.380703836954427,-0.791867790496195,0,78.89424614334445,0
TRX_101723,ACC_015,2026-01-18 22:45:00,31.954941235448313,3.4951412113274998,-1.8392708542186613,0,31.954941235448313,0
TRX_101724,ACC_038,2026-01-18 23:00:00,373.2514289851775,5.924927841556116,1.0345698963342997,0,373.2514289851775,0
TRX_101725,ACC_008,2026-01-18 23:15:00,461.43949834587465,6.136515734008234,1.2848264003777439,0,461.43949834587465,0
TRX_101726,ACC_005,2026-01-18 23:30:00,142.60021532266055,4.967033156074424,-0.09838422713800914,0,142.60021532266055,0
TRX_101727,ACC_048,2026-01-18 23:45:00,94.16957982548657,4.555660351085398,-0.5849372091731055,0,94.16957982548657,0
TRX_101728,ACC_026,2026-01-19 00:00:00,19.455781494738513,3.018265556211974,-2.4032976183665458,0,19.455781494738513,0
TRX_101729,ACC_018,2026-01-19 00:15:00,109.9224642399037,4.70883143687209,-0.4037734383860295,0,109.9224642399037,0
TRX_101730,ACC_006,2026-01-19 00:30:00,85.58571458993666,4.461134843415466,-0.6967376662704422,0,85.58571458993666,0
TRX_101731,ACC_037,2026-01-19 00:45:00,50.15897102305947,3.934937863589287,-1.319099442662341,0,50.15897102305947,0
TRX_101732,ACC_048,2026-01-19 01:00:00,392.229355412285,5.974393043198076,1.093075079647293,0,392.229355412285,0
TRX_101733,ACC_013,2026-01-19 01:15:00,266.09159942289017,5.587591668565125,0.6355840641973114,0,266.09159942289017,0
TRX_101734,ACC_028,2026-01-19 01:30:00,269.9514442227177,5.601939632216474,0.6525541808798694,0,269.9514442227177,0
TRX_101735,ACC_005,2026-01-19 01:45:00,150.1222885917304,5.01808936728008,-0.037997270313801734,0,150.1222885917304,0
TRX_101736,ACC_013,2026-01-19 02:00:00,70.23759522310165,4.2660207018593175,-0.927509769482015,0,70.23759522310165,0
TRX_101737,ACC_017,2026-01-19 02:15:00,187.446254695332,5.23881284525368,0.22306438741069862,0,187.446254695332,0
TRX_101738,ACC_050,2026-01-19 02:30:00,175.14917600655693,5.171331226982136,0.1432502086308212,0,175.14917600655693,0
TRX_101739,ACC_040,2026-01-19 02:45:00,30.79117140509307,3.4591886224694712,-1.8817939357364641,0,30.79117140509307,0
TRX_101740,ACC_045,2026-01-19 03:00:00,270.56347354804575,5.604195900440335,0.6552227919773392,0,270.56347354804575,0
TRX_101741,ACC_032,2026-01-19 03:15:00,164.20079377957688,5.107161666036453,0.06735338012063925,0,164.20079377957688,0
TRX_101742,ACC_029,2026-01-19 03:30:00,175.4024726418139,5.172768160718293,0.1449497482839906,0,175.4024726418139,0
TRX_101743,ACC_003,2026-01-19 03:45:00,97.66025056896882,4.59168213552433,-0.5423322862797327,0,97.66025056896882,0
TRX_101744,ACC_040,2026-01-19 04:00:00,128.96898553871142,4.867295849213427,-0.21634896249445099,0,128.96898553871142,0
TRX_101745,ACC_034,2026-01-19 04:15:00,272.18158900105374,5.610136735239335,0.6622493402862587,0,272.18158900105374,0
TRX_101746,ACC_040,2026-01-19 04:30:00,480.8882458633052,6.177712232112678,1.3335517384628786,0,480.8882458633052,0
TRX_101747,ACC_027,2026-01-19 04:45:00,493.90193219587024,6.204359626164949,1.3650690601777713,0,493.90193219587024,0
TRX_101748,ACC_013,2026-01-19 05:00:00,121.700460370815,4.809746103713209,-0.28441617537022384,0,121.700460370815,0
TRX_101749,ACC_045,2026-01-19 05:15:00,156.30902752633443,5.058212198921812,0.009458184072633517,0,156.30902752633443,0
TRX_101750,ACC_033,2026-01-19 05:30:00,350.87810087013213,5.863284811274684,0.961661333003502,0,350.87810087013213,0
TRX_101751,ACC_006,2026-01-19 05:45:00,83.19002487420029,4.4330764448026745,-0.7299238597927563,0,83.19002487420029,0
TRX_101752,ACC_024,2026-01-19 06:00:00,50.922951394368944,3.949760915818139,-1.3015674128894872,0,50.922951394368944,0
TRX_101753,ACC_019,2026-01-19 06:15:00,190.81127527495488,5.256511947347931,0.24399807772484436,0,190.81127527495488,0
TRX_101754,ACC_016,2026-01-19 06:30:00,229.38205164911204,5.4397390249588025,0.4607107041307718,0,229.38205164911204,0
TRX_101755,ACC_040,2026-01-19 06:45:00,170.6910851683552,5.145696845579107,0.11293103205180255,0,170.6910851683552,0
TRX_101756,ACC_028,2026-01-19 07:00:00,116.97217213383313,4.77044876727925,-0.33089527169378696,0,116.97217213383313,0
TRX_101757,ACC_033,2026-01-19 07:15:00,226.7552944241802,5.4282717825183,0.44714777304373765,0,226.7552944241802,0
TRX_101758,ACC_048,2026-01-19 07:30:00,127.9136545890247,4.859142835979658,-0.22599197451020064,0,127.9136545890247,0
TRX_101759,ACC_041,2026-01-19 07:45:00,156.99804074450628,5.062582632598856,0.014627333594827185,0,156.99804074450628,0
TRX_101760,ACC_013,2026-01-19 08:00:00,148.33816347472907,5.006213287920644,-0.05204375505256163,0,148.33816347472907,0
TRX_101761,ACC_043,2026-01-19 08:15:00,203.3015160949616,5.319596922720963,0.3186121079113515,0,203.3015160949616,0
TRX_101762,ACC_045,2026-01-19 08:30:00,96.3772938142131,4.578593060413725,-0.5578134470417232,0,96.3772938142131,0
TRX_101763,ACC_025,2026-01-19 08:45:00,190.63100921965582,5.255571695967897,0.24288599129795865,0,190.63100921965582,0
TRX_101764,ACC_042,2026-01-19 09:00:00,15.992596584349508,2.8327777541624473,-2.622684126477455,0,15.992596584349508,0
TRX_101765,ACC_036,2026-01-19 09:15:00,75.35310845648283,4.335368744083854,-0.8454880696189333,0,75.35310845648283,0
TRX_101766,ACC_027,2026-01-19 09:30:00,255.38838575543704,5.546693426654868,0.5872114899286771,0,255.38838575543704,0
TRX_101767,ACC_038,2026-01-19 09:45:00,131.17728228806754,4.884144069141476,-0.19642165677915494,0,131.17728228806754,0
TRX_101768,ACC_007,2026-01-19 10:00:00,126.87402005835729,4.851045560964674,-0.2355690619042106,0,126.87402005835729,0
TRX_101769,ACC_005,2026-01-19 10:15:00,326.2970511607564,5.790868171875214,0.8760102364277034,0,326.2970511607564,0
TRX_101770,ACC_043,2026-01-19 10:30:00,397.9234855188456,5.9887696328835585,1.1100790538967646,0,397.9234855188456,0
TRX_101771,ACC_045,2026-01-19 10:45:00,288.8027331048896,5.66920046084587,0.7321072197460563,0,288.8027331048896,0
TRX_101772,ACC_031,2026-01-19 11:00:00,155.16078503840183,5.050886149793551,0.0007932674649694421,0,155.16078503840183,0
TRX_101773,ACC_023,2026-01-19 11:15:00,120.95460739128814,4.803648904934619,-0.2916276638590244,0,120.95460739128814,0
TRX_101774,ACC_042,2026-01-19 11:30:00,99.74746487106519,4.612617037940137,-0.5175714390008356,0,99.74746487106519,0
TRX_101775,ACC_010,2026-01-19 11:45:00,202.15869761675887,5.313987435284218,0.31197746214250954,0,202.15869761675887,0
TRX_101776,ACC_032,2026-01-19 12:00:00,70.13003526613608,4.264509684543643,-0.9292969318124649,0,70.13003526613608,0
TRX_101777,ACC_043,2026-01-19 12:15:00,308.1412867129792,5.733798410949382,0.8085107274039256,0,308.1412867129792,0
TRX_101778,ACC_030,2026-01-19 12:30:00,239.2651350395697,5.481743042909126,0.5103911398409805,0,239.2651350395697,0
TRX_101779,ACC_039,2026-01-19 12:45:00,126.76597500227551,4.850200270207338,-0.23656883323979822,0,126.76597500227551,0
TRX_101780,ACC_031,2026-01-19 13:00:00,125.39461041433488,4.839408841676586,-0.2493324424730247,0,125.39461041433488,0
TRX_101781,ACC_018,2026-01-19 13:15:00,124.6845284754786,4.833775025089123,-0.2559958636511505,0,124.6845284754786,0
TRX_101782,ACC_036,2026-01-19 13:30:00,137.0316887556306,4.927483287460568,-0.1451620070004418,0,137.0316887556306,0
TRX_101783,ACC_002,2026-01-19 13:45:00,177.04714961380546,5.18204840068694,0.1559259926443016,0,177.04714961380546,0
TRX_101784,ACC_014,2026-01-19 14:00:00,189.22018841106834,5.248182287544067,0.23414613620669672,0,189.22018841106834,0
TRX_101785,ACC_013,2026-01-19 14:15:00,450.5614652828737,6.112711499323137,1.256671837823697,0,450.5614652828737,0
TRX_101786,ACC_029,2026-01-19 14:30:00,176.7705819562625,5.180493853576435,0.15408734525887122,0,176.7705819562625,0
TRX_101787,ACC_012,2026-01-19 14:45:00,115.33706052303545,4.756491671901045,-0.34740308721891683,0,115.33706052303545,0
TRX_101788,ACC_039,2026-01-19 15:00:00,408.66158797022376,6.0153314236776065,1.1414951279840666,0,408.66158797022376,0
TRX_101789,ACC_002,2026-01-19 15:15:00,156.6091171177448,5.0601180254824305,0.01171230876212422,0,156.6091171177448,0
TRX_101790,ACC_032,2026-01-19 15:30:00,9.287095753712876,2.330890270330795,-3.216293740294527,0,9.287095753712876,0
TRX_101791,ACC_013,2026-01-19 15:45:00,471.9999604115462,6.15909530479541,1.3115324863570204,0,471.9999604115462,0
TRX_101792,ACC_046,2026-01-19 16:00:00,75.5710110731066,4.338218559597165,-0.8421174378721689,0,75.5710110731066,0
TRX_101793,ACC_027,2026-01-19 16:15:00,222.94587442485442,5.4114043906254174,0.42719779160328897,0,222.94587442485442,0
TRX_101794,ACC_049,2026-01-19 16:30:00,145.49714024081626,4.987005907726091,-0.0747613678782098,0,145.49714024081626,0
TRX_101795,ACC_041,2026-01-19 16:45:00,162.91245173801923,5.099332454420035,0.05809334588222255,0,162.91245173801923,0
TRX_101796,ACC_017,2026-01-19 17:00:00,85.89370308261884,4.464685567995918,-0.6925380312628474,0,85.89370308261884,0
TRX_101797,ACC_040,2026-01-19 17:15:00,68.56189487377206,4.242216929968595,-0.9556637846639943,0,68.56189487377206,0
TRX_101798,ACC_031,2026-01-19 17:30:00,318.66830022866156,5.767283896406635,0.848115831597806,0,318.66830022866156,0
TRX_101799,ACC_034,2026-01-19 17:45:00,167.2482310408499,5.12544045459646,0.08897269713430934,0,167.2482310408499,0
TRX_101800,ACC_024,2026-01-19 18:00:00,137.2647389308853,4.929170245431574,-0.14316675009136462,0,137.2647389308853,0
TRX_101801,ACC_045,2026-01-19 18:15:00,139.34489540042514,4.9441029316471825,-0.1255050502417778,0,139.34489540042514,0
TRX_101802,ACC_035,2026-01-19 18:30:00,336.2996095556646,5.820971584508869,0.9116151792161029,0,336.2996095556646,0
TRX_101803,ACC_048,2026-01-19 18:45:00,76.35248690013289,4.348372727764456,-0.8301075511174696,0,76.35248690013289,0
TRX_101804,ACC_006,2026-01-19 19:00:00,411.08527476061323,6.021230305506927,1.148472056234842,0,411.08527476061323,0
TRX_101805,ACC_019,2026-01-19 19:15:00,197.20646857810527,5.289309257983432,0.28278924014225304,0,197.20646857810527,0
TRX_101806,ACC_030,2026-01-19 19:30:00,123.30582834601218,4.822744886765843,-0.26904180793420673,0,123.30582834601218,0
TRX_101807,ACC_007,2026-01-19 19:45:00,104.61087992058626,4.659761395515988,-0.46181124414480795,0,104.61087992058626,0
TRX_101808,ACC_010,2026-01-19 20:00:00,95.15340323801207,4.565944866499526,-0.5727731536428337,0,95.15340323801207,0
TRX_101809,ACC_041,2026-01-19 20:15:00,91.69101507994789,4.529271543170401,-0.6161486870045961,0,91.69101507994789,0
TRX_101810,ACC_032,2026-01-19 20:30:00,275.897236212507,5.6236464489516145,0.6782280131917886,0,275.897236212507,0
TRX_101811,ACC_034,2026-01-19 20:45:00,61.288761350149144,4.131781013856415,-1.0862823468453036,0,61.288761350149144,0
TRX_101812,ACC_028,2026-01-19 21:00:00,145.79964288415178,4.98906868350819,-0.07232161081143666,0,145.79964288415178,0
TRX_101813,ACC_015,2026-01-19 21:15:00,188.3114908759998,5.243393758306428,0.22848248233390928,0,188.3114908759998,0
TRX_101814,ACC_030,2026-01-19 21:30:00,73.68014013709826,4.313214195172809,-0.8716914591176604,0,73.68014013709826,0
TRX_101815,ACC_037,2026-01-19 21:45:00,48.32076423284004,3.8983451735702523,-1.3623796066243756,0,48.32076423284004,0
TRX_101816,ACC_029,2026-01-19 22:00:00,19.928027231034402,3.041089276451044,-2.376302763556562,0,19.928027231034402,0
TRX_101817,ACC_022,2026-01-19 22:15:00,184.0903489106922,5.220844078353521,0.20181174986943193,0,184.0903489106922,0
TRX_101818,ACC_004,2026-01-19 22:30:00,29.091322787706563,3.4042368507161265,-1.9467883838148077,0,29.091322787706563,0
TRX_101819,ACC_020,2026-01-19 22:45:00,516.2481050807318,6.248522653169414,1.4173030732776208,0,516.2481050807318,0
TRX_101820,ACC_032,2026-01-19 23:00:00,221.86668179350258,5.406573753191814,0.4214843340777897,0,221.86668179350258,0
TRX_101821,ACC_036,2026-01-19 23:15:00,114.98466235267617,4.753457961266766,-0.35099122172328523,0,114.98466235267617,0
TRX_101822,ACC_050,2026-01-19 23:30:00,115.08251506244365,4.754301274971501,-0.3499937887552972,0,115.08251506244365,0
TRX_101823,ACC_004,2026-01-19 23:45:00,187.25530924724424,5.237799069454913,0.2218653396563916,0,187.25530924724424,0
TRX_101824,ACC_027,2026-01-20 00:00:00,119.38136295948651,4.7906647281978,-0.30698475561120825,0,119.38136295948651,0
TRX_101825,ACC_017,2026-01-20 00:15:00,24.336955841068743,3.232264035121991,-2.1501899826602404,0,24.336955841068743,0
TRX_101826,ACC_012,2026-01-20 00:30:00,38.609696924962165,3.6790739601266975,-1.6217235921322695,0,38.609696924962165,0
TRX_101827,ACC_022,2026-01-20 00:45:00,314.52159063612385,5.754227112717879,0.8326728636560602,0,314.52159063612385,0
TRX_101828,ACC_017,2026-01-20 01:00:00,107.02119216581016,4.682327431632358,-0.43512116635654796,0,107.02119216581016,0
TRX_101829,ACC_010,2026-01-20 01:15:00,157.70288834772268,5.067033827415407,0.019892003707548327,0,157.70288834772268,0
TRX_101830,ACC_001,2026-01-20 01:30:00,294.246330221257,5.6878100256056685,0.7541177637549068,0,294.246330221257,0
TRX_101831,ACC_022,2026-01-20 01:45:00,98.9864577258275,4.605034754075879,-0.5265394183617707,0,98.9864577258275,0
TRX_101832,ACC_026,2026-01-20 02:00:00,22.153508041324223,3.1421463043143203,-2.2567771224199475,0,22.153508041324223,0
TRX_101833,ACC_018,2026-01-20 02:15:00,165.68963546761537,5.116133613064462,0.07796498965874428,0,165.68963546761537,0
TRX_101834,ACC_050,2026-01-20 02:30:00,192.6307496958484,5.265952993303754,0.2551645160689118,0,192.6307496958484,0
TRX_101835,ACC_014,2026-01-20 02:45:00,75.87927389095923,4.34223631991087,-0.8373654143109921,0,75.87927389095923,0
TRX_101836,ACC_047,2026-01-20 03:00:00,53.99895770710235,4.007314234272945,-1.233495974086068,0,53.99895770710235,0
TRX_101837,ACC_029,2026-01-20 03:15:00,306.01544379970056,5.7268980518584,0.800349297547326,0,306.01544379970056,0
TRX_101838,ACC_012,2026-01-20 03:30:00,220.75609318452973,5.401578098532723,0.4155757017080275,0,220.75609318452973,0
TRX_101839,ACC_036,2026-01-20 03:45:00,102.22740080603772,4.6369343294918846,-0.48881005619665374,0,102.22740080603772,0
TRX_101840,ACC_035,2026-01-20 04:00:00,49.5288434848875,3.9225443313491826,-1.333757947056018,0,49.5288434848875,0
TRX_101841,ACC_012,2026-01-20 04:15:00,,,0.11025244428426656,0,,1
TRX_101842,ACC_007,2026-01-20 04:30:00,130.40419581075787,4.878278037129428,-0.20335973176505762,0,130.40419581075787,0
TRX_101843,ACC_029,2026-01-20 04:45:00,69.19432743902371,4.251267502054895,-0.9449591809947495,0,69.19432743902371,0
TRX_101844,ACC_011,2026-01-20 05:00:00,233.82845831757098,5.4588552829841905,0.48332054181280576,0,233.82845831757098,0
TRX_101845,ACC_033,2026-01-20 05:15:00,139.5244422748881,4.945381440012716,-0.12399288888773818,0,139.5244422748881,0
TRX_101846,ACC_006,2026-01-20 05:30:00,199.94558056130305,5.30303412792534,0.2990223900182084,0,199.94558056130305,0
TRX_101847,ACC_047,2026-01-20 05:45:00,234.77335577733987,5.462870986711813,0.48807013293781076,0,234.77335577733987,0
TRX_101848,ACC_015,2026-01-20 06:00:00,27.86374553099592,3.36258632770346,-1.9960507218433867,0,27.86374553099592,0
TRX_101849,ACC_032,2026-01-20 06:15:00,64.37121157681014,4.180081971594081,-1.0291541780956956,0,64.37121157681014,0
TRX_101850,ACC_011,2026-01-20 06:30:00,283.87941510503697,5.652065985839911,0.7118413445869598,0,283.87941510503697,0
TRX_101851,ACC_023,2026-01-20 06:45:00,217.42514650972458,5.386443376939225,0.39767504363272255,0,217.42514650972458,0
TRX_101852,ACC_026,2026-01-20 07:00:00,299.45672974385525,5.705303749410281,0.7748085419998607,0,299.45672974385525,0
TRX_101853,ACC_034,2026-01-20 07:15:00,86.22944575844323,4.468541954629725,-0.6879768731264729,0,86.22944575844323,0
TRX_101854,ACC_046,2026-01-20 07:30:00,146.33197581610713,4.992688379449315,-0.06804039962572989,0,146.33197581610713,0
TRX_101855,ACC_034,2026-01-20 07:45:00,151.9876853193628,5.030357430044354,-0.02348716549073095,0,151.9876853193628,0
TRX_101856,ACC_029,2026-01-20 08:00:00,203.85690637060912,5.32231171770628,0.3218230435388416,0,203.85690637060912,0
TRX_101857,ACC_004,2026-01-20 08:15:00,200.1890756996716,5.304245141024239,0.30045472105080734,0,200.1890756996716,0
TRX_101858,ACC_017,2026-01-20 08:30:00,269.8302844012248,5.601492367876938,0.6520251770285702,0,269.8302844012248,0
TRX_101859,ACC_035,2026-01-20 08:45:00,146.90392458390565,4.996562904752835,-0.06345778789851916,0,146.90392458390565,0
TRX_101860,ACC_013,2026-01-20 09:00:00,252.20515312962954,5.5342000420756765,0.5724348847447756,0,252.20515312962954,0
TRX_101861,ACC_041,2026-01-20 09:15:00,279.4670586640624,5.636456280148598,0.6933788969951664,0,279.4670586640624,0
TRX_101862,ACC_039,2026-01-20 09:30:00,146.08511580425557,4.991011438288439,-0.07002380910887121,0,146.08511580425557,0
TRX_101863,ACC_015,2026-01-20 09:45:00,113.07566965062409,4.7368619970625,-0.3706201708793882,0,113.07566965062409,0
TRX_101864,ACC_029,2026-01-20 10:00:00,166.0707209119074,5.118417201289451,0.08066591360688484,0,166.0707209119074,0
TRX_101865,ACC_029,2026-01-20 10:15:00,219.26720444833268,5.394841375038399,0.4076078125681591,0,219.26720444833268,0
TRX_101866,ACC_011,2026-01-20 10:30:00,843.3993627952415,6.738625561349581,1.9969744287662128,1,732.128172029599,1
TRX_101867,ACC_032,2026-01-20 10:45:00,171.8435444203049,5.152386817798069,0.12084362591652026,0,171.8435444203049,0
TRX_101868,ACC_002,2026-01-20 11:00:00,88.68310310077953,4.496282380091895,-0.6551667637370077,0,88.68310310077953,0
TRX_101869,ACC_047,2026-01-20 11:15:00,18.25818712816883,2.9579362756765244,-2.474652338446639,0,18.25818712816883,0
TRX_101870,ACC_014,2026-01-20 11:30:00,277.9553630015394,5.631051779779927,0.6869867005765029,0,277.9553630015394,0
TRX_101871,ACC_020,2026-01-20 11:45:00,46.07466838515644,3.8517350301244893,-1.4175079573845202,0,46.07466838515644,0
TRX_101872,ACC_022,2026-01-20 12:00:00,730.13511447691,6.594598277795603,1.8266255300112946,1,730.13511447691,0
TRX_101873,ACC_011,2026-01-20 12:15:00,212.51104271948603,5.363688553670638,0.37076167701553037,0,212.51104271948603,0
TRX_101874,ACC_027,2026-01-20 12:30:00,507.1854405498054,6.230846421419799,1.3963964329634952,0,507.1854405498054,0
TRX_101875,ACC_003,2026-01-20 12:45:00,289.2176689686613,5.670631224084792,0.7337994612166664,0,289.2176689686613,0
TRX_101876,ACC_017,2026-01-20 13:00:00,137.45330828360375,4.930533144482109,-0.14155477528600865,0,137.45330828360375,0
TRX_101877,ACC_044,2026-01-20 13:15:00,206.5008159864165,5.335135272127679,0.3369901585458418,0,206.5008159864165,0
TRX_101878,ACC_028,2026-01-20 13:30:00,70.51794320725418,4.269948372163898,-0.9228643002726553,0,70.51794320725418,0
TRX_101879,ACC_029,2026-01-20 13:45:00,134.6161510932363,4.909828476770658,-0.16604331146263154,0,134.6161510932363,0
TRX_101880,ACC_021,2026-01-20 14:00:00,214.6852526334054,5.373820181254383,0.3827449037965807,0,214.6852526334054,0
TRX_101881,ACC_047,2026-01-20 14:15:00,32.31837236581111,3.506108967540419,-1.8262986926491278,0,32.31837236581111,0
TRX_101882,ACC_016,2026-01-20 14:30:00,119.81643657821756,4.794272340634014,-0.3027178362437178,0,119.81643657821756,0
TRX_101883,ACC_037,2026-01-20 14:45:00,269.40876304112754,5.599934751340169,0.6501828992658181,0,269.40876304112754,0
TRX_101884,ACC_020,2026-01-20 15:00:00,211.44556977028648,5.358685813296965,0.36484466398589466,0,211.44556977028648,0
TRX_101885,ACC_006,2026-01-20 15:15:00,61.41060332772179,4.13373518606349,-1.0839710411312866,0,61.41060332772179,0
TRX_101886,ACC_019,2026-01-20 15:30:00,351.6746036035676,5.865545828989048,0.9643355615816097,0,351.6746036035676,0
TRX_101887,ACC_005,2026-01-20 15:45:00,169.8978329870616,5.141065910035662,0.1074537728092145,0,169.8978329870616,0
TRX_101888,ACC_003,2026-01-20 16:00:00,81.73583178283208,4.415652782471951,-0.7505317725234296,0,81.73583178283208,0
TRX_101889,ACC_001,2026-01-20 16:15:00,32.0810666611807,3.4989611145322703,-1.834752847017344,0,32.0810666611807,0
TRX_101890,ACC_038,2026-01-20 16:30:00,320.25581075620335,5.772237724002897,0.8539749928263014,0,320.25581075620335,0
TRX_101891,ACC_015,2026-01-20 16:45:00,345.9380070246522,5.849146109878682,0.9449387221675428,0,345.9380070246522,0
TRX_101892,ACC_034,2026-01-20 17:00:00,248.8554802766057,5.520882671816644,0.5566837068987571,0,248.8554802766057,0
TRX_101893,ACC_035,2026-01-20 17:15:00,154.31414370218613,5.045449799428097,-0.005636599676515501,0,154.31414370218613,0
TRX_101894,ACC_049,2026-01-20 17:30:00,196.8446431296392,5.287482092052399,0.2806281516560058,0,196.8446431296392,0
TRX_101895,ACC_025,2026-01-20 17:45:00,262.1167712169156,5.572597930662745,0.6178501551985139,0,262.1167712169156,0
TRX_101896,ACC_024,2026-01-20 18:00:00,97.53049928477321,4.590366137659139,-0.5438887885032517,0,97.53049928477321,0
TRX_101897,ACC_012,2026-01-20 18:15:00,110.32601749284363,4.712462991007396,-0.3994782018693566,0,110.32601749284363,0
TRX_101898,ACC_018,2026-01-20 18:30:00,184.49986052906536,5.22305413018233,0.2044256983237739,0,184.49986052906536,0
TRX_101899,ACC_015,2026-01-20 18:45:00,93.98040116890832,4.553670566831874,-0.5872906351906181,0,93.98040116890832,0
TRX_101900,ACC_044,2026-01-20 19:00:00,96.89134309885759,4.583858119670149,-0.5515861752076684,0,96.89134309885759,0
TRX_101901,ACC_016,2026-01-20 19:15:00,189.85628538434048,5.251520712284466,0.2380946726511136,0,189.85628538434048,0
TRX_101902,ACC_027,2026-01-20 19:30:00,315.59900825820193,5.757636014966333,0.8367047576809841,0,315.59900825820193,0
TRX_101903,ACC_008,2026-01-20 19:45:00,308.35084354355587,5.7344760487990625,0.8093122065306524,0,308.35084354355587,0
TRX_101904,ACC_046,2026-01-20 20:00:00,164.8503277191729,5.111085741388534,0.07199459738422616,0,164.8503277191729,0
TRX_101905,ACC_025,2026-01-20 20:15:00,147.00978683596168,4.997278398847815,-0.06261153413230308,0,147.00978683596168,0
TRX_101906,ACC_017,2026-01-20 20:30:00,386.26250900061166,5.959102780907261,1.074990455132813,0,386.26250900061166,0
TRX_101907,ACC_029,2026-01-20 20:45:00,238.06860890710843,5.476750577292729,0.5044862793253947,0,238.06860890710843,0
TRX_101908,ACC_008,2026-01-20 21:00:00,50.847573236991636,3.948308130050644,-1.3032857016019648,0,50.847573236991636,0
TRX_101909,ACC_015,2026-01-20 21:15:00,69.14594858594731,4.250578051294742,-0.9457746318929386,0,69.14594858594731,0
TRX_101910,ACC_027,2026-01-20 21:30:00,254.11007289117254,5.541695110417497,0.5812997095655776,0,254.11007289117254,0
TRX_101911,ACC_046,2026-01-20 21:45:00,299.2789856127907,5.704711994561326,0.7741086413673909,0,299.2789856127907,0
TRX_101912,ACC_050,2026-01-20 22:00:00,24.157559992510553,3.225158447499465,-2.15859414745899,0,24.157559992510553,0
TRX_101913,ACC_007,2026-01-20 22:15:00,144.43433288792488,4.979724664377956,-0.08337329025371176,0,144.43433288792488,0
TRX_101914,ACC_003,2026-01-20 22:30:00,73.38861111483129,4.309302853708099,-0.8763176153203366,0,73.38861111483129,0
TRX_101915,ACC_029,2026-01-20 22:45:00,,,0.11025244428426656,0,,1
TRX_101916,ACC_044,2026-01-20 23:00:00,378.3860407991119,5.938554263990914,1.0506866069911893,0,378.3860407991119,0
TRX_101917,ACC_024,2026-01-20 23:15:00,50.457613827106314,3.940758436309133,-1.312215134852862,0,50.457613827106314,0
TRX_101918,ACC_003,2026-01-20 23:30:00,97.79751211619094,4.5930724234265625,-0.540687917190394,0,97.79751211619094,0
TRX_101919,ACC_020,2026-01-20 23:45:00,135.21724876113225,4.914251028583312,-0.16081251898788593,0,135.21724876113225,0
TRX_101920,ACC_046,2026-01-21 00:00:00,52.45259549898565,3.978795195674418,-1.2672269915636516,0,52.45259549898565,0
TRX_101921,ACC_015,2026-01-21 00:15:00,23.76179867501121,3.209302089564479,-2.1773483240693983,0,23.76179867501121,0
TRX_101922,ACC_025,2026-01-21 00:30:00,76.98197713064498,4.356477737562928,-0.8205213153745032,0,76.98197713064498,0
TRX_101923,ACC_030,2026-01-21 00:45:00,564.8567953310362,6.33834103440768,1.523536156026514,1,564.8567953310362,0
TRX_101924,ACC_014,2026-01-21 01:00:00,125.92685509745986,4.84361097642458,-0.2443623492443182,0,125.92685509745986,0
TRX_101925,ACC_007,2026-01-21 01:15:00,,,0.11025244428426656,0,,1
TRX_101926,ACC_017,2026-01-21 01:30:00,252.4427531620456,5.535137971738007,0.5735442251499059,0,252.4427531620456,0
TRX_101927,ACC_044,2026-01-21 01:45:00,140.5565368845996,4.952699191237635,-0.11533778666149853,0,140.5565368845996,0
TRX_101928,ACC_020,2026-01-21 02:00:00,400.081263579765,5.994164059093977,1.1164593350607508,0,400.081263579765,0
TRX_101929,ACC_036,2026-01-21 02:15:00,184.74373809041987,5.224367971537941,0.20597964992616638,0,184.74373809041987,0
TRX_101930,ACC_009,2026-01-21 02:30:00,85.16108067350939,4.456218575405377,-0.7025524037343251,0,85.16108067350939,0
TRX_101931,ACC_038,2026-01-21 02:45:00,263.1997771883121,5.5767055487431,0.6227084584257081,0,263.1997771883121,0
TRX_101932,ACC_048,2026-01-21 03:00:00,46.7230274472038,3.865414037111827,-1.4013290521184185,0,46.7230274472038,0
TRX_101933,ACC_022,2026-01-21 03:15:00,115.25887411663743,4.755819378041188,-0.348198245718336,0,115.25887411663743,0
TRX_101934,ACC_002,2026-01-21 03:30:00,67.69854463720759,4.229728014683791,-0.9704351037704361,0,67.69854463720759,0
TRX_101935,ACC_024,2026-01-21 03:45:00,56.82867585331931,4.057484774680233,-1.1741565482673644,0,56.82867585331931,0
TRX_101936,ACC_008,2026-01-21 04:00:00,342.5974888969604,5.8394708818673315,0.9334953039743596,0,342.5974888969604,0
TRX_101937,ACC_011,2026-01-21 04:15:00,296.29666116776104,5.694730499425554,0.7623029843949803,0,296.29666116776104,0
TRX_101938,ACC_013,2026-01-21 04:30:00,187.90189894582443,5.241227827108204,0.2259207177481174,0,187.90189894582443,0
TRX_101939,ACC_017,2026-01-21 04:45:00,504.8563860060545,6.2262528068799226,1.3909633153009011,0,504.8563860060545,0
TRX_101940,ACC_008,2026-01-21 05:00:00,80.44319521785646,4.399905786043586,-0.7691566013341753,0,80.44319521785646,0
TRX_101941,ACC_021,2026-01-21 05:15:00,260.42001051411916,5.566128349576665,0.6101982299089121,0,260.42001051411916,0
TRX_101942,ACC_018,2026-01-21 05:30:00,394.51773612135514,5.980195631009682,1.0999381157279902,0,394.51773612135514,0
TRX_101943,ACC_030,2026-01-21 05:45:00,176.3523081001961,5.178138195514398,0.15130118039615148,0,176.3523081001961,0
TRX_101944,ACC_018,2026-01-21 06:00:00,149.51856894581317,5.01408645827779,-0.04273172842153048,0,149.51856894581317,0
TRX_101945,ACC_046,2026-01-21 06:15:00,96.02067648799746,4.574924115458165,-0.5621529077143802,0,96.02067648799746,0
TRX_101946,ACC_047,2026-01-21 06:30:00,259.9338067524756,5.564266761182042,0.6079964281034909,0,259.9338067524756,0
TRX_101947,ACC_031,2026-01-21 06:45:00,40.29304722923644,3.720694137834502,-1.572497145145568,0,40.29304722923644,0
TRX_101948,ACC_038,2026-01-21 07:00:00,25.13515897462366,3.2632814949710895,-2.1135039465350878,0,25.13515897462366,0
TRX_101949,ACC_032,2026-01-21 07:15:00,224.50536824573146,5.418343964627143,0.4354056030668657,0,224.50536824573146,0
TRX_101950,ACC_011,2026-01-21 07:30:00,74.45433001594014,4.323527572777765,-0.8594932667051132,0,74.45433001594014,0
TRX_101951,ACC_045,2026-01-21 07:45:00,83.05446641765114,4.431464998450491,-0.7318298050048255,0,83.05446641765114,0
TRX_101952,ACC_025,2026-01-21 08:00:00,63.8913978749434,4.172715070625479,-1.0378674123959704,0,63.8913978749434,0
TRX_101953,ACC_033,2026-01-21 08:15:00,189.18430041002586,5.2479936041704285,0.2339229701223306,0,189.18430041002586,0
TRX_101954,ACC_038,2026-01-21 08:30:00,171.67261084770178,5.151397378757711,0.11967336256952732,0,171.67261084770178,0
TRX_101955,ACC_041,2026-01-21 08:45:00,62.05909979607455,4.1440723786594,-1.0717446814341607,0,62.05909979607455,0
TRX_101956,ACC_008,2026-01-21 09:00:00,166.67945065961408,5.122054125003826,0.08496750101665713,0,166.67945065961408,0
TRX_101957,ACC_011,2026-01-21 09:15:00,179.63626022974333,5.1964853972958975,0.17300141344638018,0,179.63626022974333,0
TRX_101958,ACC_022,2026-01-21 09:30:00,126.72431624764178,4.8498741618859675,-0.2369545392813866,0,126.72431624764178,0
TRX_101959,ACC_024,2026-01-21 09:45:00,307.68261188749955,5.7323136030266495,0.8067545643474634,0,307.68261188749955,0
TRX_101960,ACC_041,2026-01-21 10:00:00,136.84059684746072,4.9260979222121914,-0.1468005537994294,0,136.84059684746072,0
TRX_101961,ACC_017,2026-01-21 10:15:00,213.84387663034738,5.36991160914158,0.3781220230569693,0,213.84387663034738,0
TRX_101962,ACC_012,2026-01-21 10:30:00,141.52355819480042,4.959507306710016,-0.10728545834773265,0,141.52355819480042,0
TRX_101963,ACC_046,2026-01-21 10:45:00,176.01592097894058,5.17623967756222,0.14905569999521953,0,176.01592097894058,0
TRX_101964,ACC_032,2026-01-21 11:00:00,138.34544310462192,4.936956052314126,-0.13395805299152563,0,138.34544310462192,0
TRX_101965,ACC_015,2026-01-21 11:15:00,66.08992309754024,4.206033855315982,-0.9984594742621355,0,66.08992309754024,0
TRX_101966,ACC_016,2026-01-21 11:30:00,111.47859909339712,4.722762973267486,-0.38729585285946266,0,111.47859909339712,0
TRX_101967,ACC_022,2026-01-21 11:45:00,319.79138006592154,5.770791005512653,0.8522638802124944,0,319.79138006592154,0
TRX_101968,ACC_028,2026-01-21 12:00:00,384.1290641778241,5.953578509740928,1.0684565992800383,0,384.1290641778241,0
TRX_101969,ACC_020,2026-01-21 12:15:00,212.8975642744131,5.36549722880713,0.372900895433764,0,212.8975642744131,0
TRX_101970,ACC_033,2026-01-21 12:30:00,185.44246460408692,5.228122690705339,0.21042056042254867,0,185.44246460408692,0
TRX_101971,ACC_010,2026-01-21 12:45:00,42.45611608995611,3.7717516033694287,-1.5121087047579362,0,42.45611608995611,0
TRX_101972,ACC_040,2026-01-21 13:00:00,182.4698998419602,5.212050620480849,0.1914112491594682,0,182.4698998419602,0
TRX_101973,ACC_032,2026-01-21 13:15:00,57.598281807693716,4.070705375465287,-1.158519824939397,0,57.598281807693716,0
TRX_101974,ACC_050,2026-01-21 13:30:00,118.12230439153697,4.780150733315712,-0.3194202289846079,0,118.12230439153697,0
TRX_101975,ACC_033,2026-01-21 13:45:00,184.06429589850904,5.220703310095759,0.20164525559766902,0,184.06429589850904,0
TRX_101976,ACC_002,2026-01-21 14:00:00,90.12844764109346,4.51227002380894,-0.6362573082943942,0,90.12844764109346,0
TRX_101977,ACC_033,2026-01-21 14:15:00,172.06897643706074,5.1536902227636485,0.12238523383301561,0,172.06897643706074,0
TRX_101978,ACC_033,2026-01-21 14:30:00,112.78656377384995,4.734324445950475,-0.37362147054151695,0,112.78656377384995,0
TRX_101979,ACC_041,2026-01-21 14:45:00,175.80628132605446,5.175054677434742,0.1476541359181975,0,175.80628132605446,0
TRX_101980,ACC_013,2026-01-21 15:00:00,552.4359005299092,6.316145937908442,1.4972848086907342,1,552.4359005299092,0
TRX_101981,ACC_030,2026-01-21 15:15:00,275.5050488331545,5.622229080590092,0.6765516145709332,0,275.5050488331545,0
TRX_101982,ACC_033,2026-01-21 15:30:00,120.16199378100359,4.7971284417929025,-0.2993397701221901,0,120.16199378100359,0
TRX_101983,ACC_013,2026-01-21 15:45:00,465.3115478574706,6.144853968374607,1.2946884834971528,0,465.3115478574706,0
TRX_101984,ACC_026,2026-01-21 16:00:00,270.4948757929141,5.603943265504956,0.6549239869039741,0,270.4948757929141,0
TRX_101985,ACC_022,2026-01-21 16:15:00,91.24759675785026,4.524476231175876,-0.6218203632127185,0,91.24759675785026,0
TRX_101986,ACC_039,2026-01-21 16:30:00,83.52346809859178,4.437029224780993,-0.7252486920071008,0,83.52346809859178,0
TRX_101987,ACC_002,2026-01-21 16:45:00,282.6145404084584,5.647616064177442,0.7065781803027902,0,282.6145404084584,0
TRX_101988,ACC_038,2026-01-21 17:00:00,163.76886879419718,5.1045436966831295,0.06425696543233694,0,163.76886879419718,0
TRX_101989,ACC_039,2026-01-21 17:15:00,56.66221311062202,4.054602073551762,-1.1775660756191082,0,56.66221311062202,0
TRX_101990,ACC_026,2026-01-21 17:30:00,148.62287382741837,5.0081179537682745,-0.04979100320142758,0,148.62287382741837,0
TRX_101991,ACC_046,2026-01-21 17:45:00,103.71044644561766,4.651198887929071,-0.47193858739547245,0,103.71044644561766,0
TRX_101992,ACC_050,2026-01-21 18:00:00,74.4264488506551,4.323157994017477,-0.8599303875982155,0,74.4264488506551,0
TRX_101993,ACC_015,2026-01-21 18:15:00,128.29327905050172,4.862083304925684,-0.2225141220199064,0,128.29327905050172,0
TRX_101994,ACC_034,2026-01-21 18:30:00,156.44169103340525,5.059055174058033,0.010455216597233108,0,156.44169103340525,0
TRX_101995,ACC_042,2026-01-21 18:45:00,424.04154660680365,6.052186920868431,1.1850861282765146,0,424.04154660680365,0
TRX_101996,ACC_044,2026-01-21 19:00:00,304.73182005498086,5.722708312635861,0.7953938651804978,0,304.73182005498086,0
TRX_101997,ACC_049,2026-01-21 19:15:00,144.65030502944495,4.981208577666519,-0.08161818532972237,0,144.65030502944495,0
TRX_101998,ACC_040,2026-01-21 19:30:00,1194.1441413666103,7.086022077482026,2.407859175698751,1,732.128172029599,1
TRX_101999,ACC_011,2026-01-21 19:45:00,77.23460380979196,4.359712053636794,-0.8166959139101907,0,77.23460380979196,0
